Timestamp,Close,Open,High,Low,Volume
2017-01-01,8.20,8.17,8.59,8.03,144920
2017-01-02,8.37,8.19,8.50,8.11,101270
2017-01-03,9.74,8.43,9.90,8.30,603420
2017-01-04,11.00,9.57,11.10,9.44,556250
2017-01-05,10.15,11.16,11.70,9.20,490640
2017-01-06,10.08,10.23,10.40,9.47,144690
2017-01-07,9.84,10.09,10.19,9.48,107330
2017-01-08,10.28,9.80,10.48,9.80,116550
2017-01-09,10.26,10.43,10.84,9.50,165980
2017-01-10,10.61,10.43,10.75,10.20,96970
2017-01-11,9.79,10.61,10.70,9.41,159090
2017-01-12,9.83,9.48,10.04,9.08,120950
2017-01-13,9.67,9.83,9.83,9.39,39760
2017-01-14,9.67,9.72,9.87,9.51,17440
2017-01-15,9.81,9.67,9.83,9.60,16890
2017-01-16,9.61,9.72,9.78,9.55,16030
2017-01-17,10.12,9.54,10.60,9.53,237840
2017-01-18,10.19,10.30,10.49,9.74,99390
2017-01-19,10.38,10.31,10.51,10.15,50640
2017-01-20,10.62,10.38,10.75,10.30,63550
2017-01-21,10.95,10.64,11.09,10.56,125310
2017-01-22,10.64,10.91,10.98,10.34,140660
2017-01-23,10.77,10.64,10.83,10.59,54390
2017-01-24,10.50,10.58,10.75,10.46,105210
2017-01-25,10.48,10.52,10.58,10.35,26190
2017-01-26,10.63,10.49,10.63,10.43,84720
2017-01-27,10.50,10.52,10.58,10.36,61250
2017-01-28,10.51,10.50,10.54,10.35,102560
2017-01-29,10.46,10.49,10.51,10.38,38280
2017-01-30,10.53,10.44,10.69,10.38,107000
2017-01-31,10.71,10.50,10.74,10.38,250340
2017-02-01,10.71,10.71,10.77,10.41,113790
2017-02-02,10.80,10.71,10.84,10.53,149420
2017-02-03,10.93,10.78,10.93,10.55,102560
2017-02-04,11.32,11.00,11.40,11.00,158070
2017-02-05,11.18,11.32,11.37,11.05,48070
2017-02-06,11.32,11.18,11.33,11.12,69660
2017-02-07,11.41,11.31,11.50,11.25,116310
2017-02-08,11.35,11.45,11.60,11.00,78890
2017-02-09,10.90,11.35,11.51,10.41,205680
2017-02-10,11.30,10.95,11.39,10.75,141080
2017-02-11,11.33,11.27,11.38,11.13,73260
2017-02-12,11.26,11.33,11.40,11.22,35220
2017-02-13,11.35,11.33,11.37,11.05,59340
2017-02-14,12.96,11.32,13.40,11.32,613950
2017-02-15,12.92,13.02,13.15,12.59,302770
2017-02-16,12.92,12.92,12.99,12.57,116460
2017-02-17,12.76,12.92,12.92,12.60,86680
2017-02-18,12.79,12.76,12.90,12.70,67300
2017-02-19,12.80,12.79,12.94,12.70,54510
2017-02-20,12.40,12.80,12.91,12.40,91260
2017-02-21,12.82,12.40,12.89,12.25,174100
2017-02-22,12.68,12.82,12.85,12.60,47570
2017-02-23,13.27,12.68,13.37,12.60,168680
2017-02-24,13.11,13.27,13.31,12.70,145360
2017-02-25,13.55,13.11,13.80,13.05,223070
2017-02-26,14.57,13.55,14.66,13.30,284670
2017-02-27,15.50,14.57,15.75,14.30,469290
2017-02-28,15.86,15.50,16.23,15.18,616600
2017-03-01,17.43,15.86,17.49,15.62,343430
2017-03-02,19.02,17.43,19.45,16.30,903090
2017-03-03,19.49,19.02,20.73,18.43,981000
2017-03-04,18.50,19.49,20.00,18.40,331950
2017-03-05,19.35,18.50,19.45,18.15,226390
2017-03-06,19.51,19.35,20.23,19.14,316910
2017-03-07,18.88,19.51,19.67,18.50,228660
2017-03-08,16.51,18.88,18.88,16.51,562050
2017-03-09,17.75,16.51,18.00,16.25,281600
2017-03-10,19.18,17.75,19.70,16.50,824860
2017-03-11,21.30,19.18,21.45,18.83,661770
2017-03-12,23.20,21.30,23.23,21.05,786850
2017-03-13,28.40,23.20,30.60,23.20,1780000
2017-03-14,28.66,28.40,29.93,27.00,701890
2017-03-15,34.80,28.66,34.80,28.36,1360000
2017-03-16,45.07,34.80,46.21,34.80,3060000
2017-03-17,44.65,45.07,51.88,32.84,3390000
2017-03-18,34.20,44.65,44.99,31.10,2120000
2017-03-19,43.17,34.20,45.69,34.10,1690000
2017-03-20,42.06,43.17,45.13,39.47,875000
2017-03-21,42.45,42.06,43.70,41.15,462960
2017-03-22,41.46,42.45,42.95,38.51,488530
2017-03-23,43.14,41.46,44.75,40.22,523650
2017-03-24,54.01,43.14,58.99,42.50,1640000
2017-03-25,50.75,54.01,54.90,47.46,1150000
2017-03-26,50.46,50.75,51.80,46.55,461990
2017-03-27,48.93,50.46,52.01,47.67,389870
2017-03-28,50.16,48.93,50.60,47.95,453920
2017-03-29,52.88,50.16,54.30,49.40,685320
2017-03-30,51.62,52.88,53.28,50.75,373980
2017-03-31,49.72,51.62,51.83,46.82,784700
2017-04-01,50.59,49.72,51.87,48.70,386430
2017-04-02,48.60,50.59,51.59,47.70,784600
2017-04-03,44.28,48.60,48.60,42.77,1170000
2017-04-04,44.41,44.28,45.69,41.05,762880
2017-04-05,45.35,44.41,47.53,44.19,564400
2017-04-06,43.11,45.35,46.03,41.25,649410
2017-04-07,42.25,43.11,44.53,41.78,277520
2017-04-08,44.51,42.25,45.76,42.25,363840
2017-04-09,43.94,44.51,44.86,43.18,177310
2017-04-10,44.17,43.94,44.76,43.01,218120
2017-04-11,44.21,44.17,44.80,43.80,113370
2017-04-12,46.85,44.21,48.47,43.84,537210
2017-04-13,50.65,46.85,51.51,46.85,520860
2017-04-14,48.50,50.65,50.65,47.34,394470
2017-04-15,49.71,48.50,50.48,47.95,332290
2017-04-16,49.58,49.71,49.90,48.87,64040
2017-04-17,49.52,49.58,50.27,48.88,170640
2017-04-18,52.42,49.52,53.00,49.07,643620
2017-04-19,49.66,52.42,53.00,45.00,460600
2017-04-20,51.96,49.66,52.45,48.60,347610
2017-04-21,51.37,51.96,52.27,51.10,156430
2017-04-22,52.15,51.37,52.78,51.03,125320
2017-04-23,53.33,52.15,54.44,51.75,186860
2017-04-24,53.54,53.33,54.48,53.00,202960
2017-04-25,53.90,53.54,54.21,53.25,97440
2017-04-26,57.31,53.90,58.38,53.66,530340
2017-04-27,68.00,57.31,68.00,56.92,526520
2017-04-28,76.00,68.00,77.40,66.00,959410
2017-04-29,73.55,76.00,77.60,71.20,474760
2017-04-30,83.51,73.55,84.00,72.60,492640
2017-05-01,81.40,83.51,88.10,66.00,1260000
2017-05-02,82.01,81.40,85.18,79.49,361700
2017-05-03,85.79,82.01,86.62,81.00,357120
2017-05-04,99.20,85.79,99.78,84.61,822130
2017-05-05,91.50,99.20,101.70,88.20,718170
2017-05-06,96.65,91.50,96.84,90.53,243520
2017-05-07,94.21,96.65,98.00,90.89,219190
2017-05-08,88.97,94.21,95.48,88.11,349340
2017-05-09,88.94,88.97,91.10,77.76,703650
2017-05-10,88.33,88.94,92.46,86.60,195510
2017-05-11,89.38,88.33,91.50,87.35,210470
2017-05-12,86.99,89.38,92.00,83.85,283230
2017-05-13,89.90,86.99,89.99,84.50,106010
2017-05-14,90.37,89.90,91.92,88.11,173210
2017-05-15,92.56,90.37,95.17,90.37,403460
2017-05-16,88.17,92.56,93.48,85.43,193410
2017-05-17,89.67,88.17,90.93,83.77,174840
2017-05-18,98.60,89.67,98.89,89.42,437250
2017-05-19,124.40,98.60,129.25,98.31,900720
2017-05-20,123.03,124.40,128.95,119.54,429970
2017-05-21,146.14,123.03,146.40,122.32,769980
2017-05-22,154.92,146.14,190.00,136.80,1650000
2017-05-23,168.24,154.92,174.30,148.60,507160
2017-05-24,183.88,168.24,197.41,166.33,645090
2017-05-25,168.71,183.88,206.06,155.00,862960
2017-05-26,152.80,168.71,187.00,143.64,649590
2017-05-27,149.99,152.80,161.00,110.42,1260000
2017-05-28,161.91,149.99,172.79,149.66,643590
2017-05-29,189.99,161.91,191.30,155.01,472380
2017-05-30,224.69,189.99,229.98,182.00,757870
2017-05-31,218.34,224.69,230.55,200.90,584480
2017-06-01,211.40,218.34,227.32,196.00,453560
2017-06-02,214.77,211.40,219.21,208.23,152450
2017-06-03,217.01,214.77,217.99,210.01,96060
2017-06-04,241.06,217.01,245.98,216.10,375990
2017-06-05,242.16,241.06,244.29,231.72,202570
2017-06-06,261.89,242.16,264.99,238.23,412070
2017-06-07,250.70,261.89,263.70,241.01,253510
2017-06-08,256.95,250.70,258.93,242.04,147190
2017-06-09,278.41,256.95,279.90,256.95,271540
2017-06-10,325.88,278.41,341.94,278.26,564750
2017-06-11,336.33,325.88,347.00,310.00,503720
2017-06-12,386.90,336.33,412.21,297.00,1170000
2017-06-13,382.70,386.90,395.00,345.61,442310
2017-06-14,335.95,382.70,385.73,315.00,593560
2017-06-15,338.70,335.95,344.00,265.00,1150000
2017-06-16,348.44,338.70,355.51,305.22,347870
2017-06-17,364.56,348.44,366.08,332.00,219770
2017-06-18,348.88,364.56,377.46,336.89,283220
2017-06-19,355.50,348.88,362.50,344.13,174450
2017-06-20,344.15,355.50,366.52,328.00,342670
2017-06-21,321.66,344.15,348.50,287.11,642800
2017-06-22,320.94,321.66,328.99,305.00,351820
2017-06-23,324.37,320.94,329.90,316.36,105600
2017-06-24,296.89,324.37,327.55,291.53,195470
2017-06-25,277.00,296.89,306.39,253.20,508550
2017-06-26,251.30,277.00,286.85,214.99,1360000
2017-06-27,279.00,251.30,279.00,204.11,1090000
2017-06-28,311.62,279.00,318.27,255.00,910350
2017-06-29,285.30,311.62,318.27,276.00,620080
2017-06-30,275.62,285.30,301.90,267.35,386780
2017-07-01,255.00,275.62,277.63,238.00,716320
2017-07-02,277.64,255.00,285.91,242.81,488520
2017-07-03,273.99,277.64,283.98,266.45,336350
2017-07-04,266.68,273.99,283.00,260.00,425000
2017-07-05,264.77,266.68,272.12,249.53,436760
2017-07-06,265.35,264.77,273.00,258.37,240420
2017-07-07,238.38,265.35,265.80,233.84,496510
2017-07-08,245.23,238.38,246.66,226.68,365160
2017-07-09,234.97,245.23,249.00,234.15,201470
2017-07-10,202.00,234.97,238.01,187.50,1010000
2017-07-11,188.63,202.00,215.00,169.00,1560000
2017-07-12,223.92,188.63,225.00,177.78,1090000
2017-07-13,205.00,223.92,224.99,189.46,842980
2017-07-14,196.49,205.00,207.76,179.58,971730
2017-07-15,170.15,196.49,197.80,169.82,694520
2017-07-16,157.40,170.15,172.70,136.12,2110000
2017-07-17,190.16,157.40,190.61,155.00,1450000
2017-07-18,226.56,190.16,258.00,177.50,2520000
2017-07-19,194.63,226.56,245.61,187.00,2330000
2017-07-20,227.29,194.63,238.00,194.63,2110000
2017-07-21,216.11,227.29,239.00,208.00,853870
2017-07-22,232.01,216.11,237.19,214.35,556210
2017-07-23,228.15,232.01,236.57,219.00,410730
2017-07-24,226.59,228.15,232.56,223.64,355760
2017-07-25,202.70,226.59,227.69,190.49,1080000
2017-07-26,203.33,202.70,209.59,191.76,685640
2017-07-27,202.54,203.33,207.00,197.86,410960
2017-07-28,191.20,202.54,204.19,188.10,493900
2017-07-29,206.76,191.20,213.00,176.95,866050
2017-07-30,195.31,206.76,210.76,192.21,522570
2017-07-31,200.81,195.31,201.50,188.12,444150
2017-08-01,225.97,200.81,232.59,200.80,1230000
2017-08-02,218.00,225.97,229.70,215.00,558150
2017-08-03,224.79,218.00,228.20,217.07,336650
2017-08-04,220.73,224.79,228.30,218.66,292120
2017-08-05,253.87,220.73,259.90,219.23,822050
2017-08-06,264.29,253.87,271.50,251.00,734520
2017-08-07,269.51,264.29,274.60,257.32,511600
2017-08-08,295.83,269.51,299.50,265.00,726470
2017-08-09,293.99,295.83,316.00,277.00,1400000
2017-08-10,295.97,293.99,310.05,287.60,543930
2017-08-11,308.81,295.97,310.42,294.00,455520
2017-08-12,307.22,308.81,319.78,299.00,561910
2017-08-13,296.64,307.22,308.00,285.21,582970
2017-08-14,298.22,296.64,306.48,293.99,371280
2017-08-15,286.00,298.22,299.91,272.29,629180
2017-08-16,301.34,286.00,304.00,279.94,526520
2017-08-17,299.00,301.34,312.00,297.01,465800
2017-08-18,292.00,299.00,307.00,286.00,578060
2017-08-19,292.78,292.00,298.51,280.00,554280
2017-08-20,298.37,292.78,299.00,286.96,304350
2017-08-21,322.24,298.37,346.99,294.53,1150000
2017-08-22,312.54,322.24,329.96,285.01,857280
2017-08-23,316.50,312.54,325.00,311.65,402800
2017-08-24,325.62,316.50,329.56,314.14,326980
2017-08-25,328.70,325.62,338.25,324.04,378010
2017-08-26,332.72,328.70,334.60,324.50,315620
2017-08-27,348.01,332.72,348.01,331.88,362050
2017-08-28,347.09,348.01,352.00,332.74,389240
2017-08-29,372.00,347.09,375.98,346.42,631680
2017-08-30,382.78,372.00,390.10,365.10,660230
2017-08-31,387.30,382.78,390.00,380.10,345070
2017-09-01,390.35,387.30,395.03,383.60,461310
2017-09-02,345.00,390.35,390.77,325.10,1080000
2017-09-03,350.63,345.00,368.40,328.33,742590
2017-09-04,295.81,350.63,351.59,275.00,1990000
2017-09-05,316.18,295.81,323.17,267.64,1340000
2017-09-06,337.36,316.18,339.50,314.81,805380
2017-09-07,334.10,337.36,338.66,321.10,582980
2017-09-08,304.00,334.10,334.58,291.00,1080000
2017-09-09,303.08,304.00,307.08,291.46,594280
2017-09-10,297.90,303.08,305.00,276.11,891440
2017-09-11,297.19,297.90,308.00,287.33,609030
2017-09-12,293.90,297.19,316.73,283.00,915330
2017-09-13,275.48,293.90,294.16,256.00,1570000
2017-09-14,222.50,275.48,281.01,221.71,2250000
2017-09-15,258.68,222.50,269.00,198.00,3340000
2017-09-16,253.00,258.68,270.00,242.20,1080000
2017-09-17,257.00,253.00,263.69,239.00,685700
2017-09-18,296.81,257.00,299.89,257.00,1330000
2017-09-19,282.63,296.81,299.00,275.00,941080
2017-09-20,283.50,282.63,294.00,277.00,512320
2017-09-21,256.67,283.50,287.53,251.52,1030000
2017-09-22,262.19,256.67,269.50,253.03,643200
2017-09-23,285.90,262.19,287.20,259.01,570420
2017-09-24,282.00,285.90,294.54,275.41,687970
2017-09-25,295.20,282.00,297.93,281.80,652310
2017-09-26,289.28,295.20,296.38,285.20,366530
2017-09-27,309.75,289.28,315.51,286.93,748360
2017-09-28,302.63,309.75,310.69,297.75,491020
2017-09-29,292.66,302.63,303.90,280.50,966410
2017-09-30,303.44,292.66,307.76,292.30,459210
2017-10-01,304.26,303.44,305.57,295.00,385330
2017-10-02,296.82,304.26,304.63,292.10,468960
2017-10-03,291.69,296.82,300.50,285.93,452020
2017-10-04,291.40,291.69,296.00,287.56,394450
2017-10-05,295.12,291.40,297.92,285.12,317810
2017-10-06,308.43,295.12,309.59,293.04,373260
2017-10-07,311.46,308.43,315.00,304.50,409620
2017-10-08,309.82,311.46,314.39,307.55,363240
2017-10-09,297.40,309.82,311.16,287.03,630800
2017-10-10,299.32,297.40,307.00,292.57,366240
2017-10-11,303.20,299.32,306.55,296.60,407080
2017-10-12,303.06,303.20,310.01,302.10,649860
2017-10-13,337.46,303.06,350.00,298.00,1340000
2017-10-14,339.24,337.46,348.00,334.05,528580
2017-10-15,337.23,339.24,344.89,315.00,875270
2017-10-16,334.46,337.23,355.00,330.85,945250
2017-10-17,315.65,334.46,334.80,308.00,671490
2017-10-18,313.45,315.65,316.21,287.46,885210
2017-10-19,306.97,313.45,316.50,304.00,413130
2017-10-20,302.61,306.97,313.01,301.04,415810
2017-10-21,299.23,302.61,303.00,289.31,368610
2017-10-22,293.55,299.23,305.62,289.40,334090
2017-10-23,284.85,293.55,293.96,273.50,597470
2017-10-24,296.30,284.85,311.85,280.02,758330
2017-10-25,295.46,296.30,300.00,288.50,329330
2017-10-26,295.10,295.46,299.00,290.55,207770
2017-10-27,295.99,295.10,299.50,291.60,239630
2017-10-28,293.49,295.99,297.01,288.60,245780
2017-10-29,304.39,293.49,312.49,290.50,583180
2017-10-30,307.00,304.39,314.40,303.93,301720
2017-10-31,303.69,307.00,312.00,303.10,285810
2017-11-01,288.60,303.69,305.11,287.04,538440
2017-11-02,284.89,288.60,293.01,275.21,910760
2017-11-03,303.47,284.89,307.36,284.00,760960
2017-11-04,299.48,303.47,304.38,293.00,463880
2017-11-05,295.63,299.48,301.00,292.28,345210
2017-11-06,296.90,295.63,310.00,292.00,557780
2017-11-07,291.42,296.90,304.20,285.01,757800
2017-11-08,307.50,291.42,318.90,290.11,1170000
2017-11-09,319.52,307.50,328.80,305.00,881180
2017-11-10,296.18,319.52,324.03,286.00,1160000
2017-11-11,313.07,296.18,319.88,294.70,604700
2017-11-12,303.90,313.07,316.99,293.33,879410
2017-11-13,313.22,303.90,318.00,302.40,696370
2017-11-14,334.28,313.22,336.69,313.22,854090
2017-11-15,330.59,334.28,339.61,321.50,584660
2017-11-16,330.76,330.59,335.11,321.18,521940
2017-11-17,331.00,331.16,335.01,325.00,530710
2017-11-18,346.68,331.00,350.40,325.32,518810
2017-11-19,354.70,346.68,371.00,343.28,618020
2017-11-20,367.94,354.70,373.70,352.03,519570
2017-11-21,360.00,367.94,373.50,350.00,696990
2017-11-22,380.48,360.00,381.89,358.80,486170
2017-11-23,405.19,380.48,426.27,374.34,925000
2017-11-24,470.51,405.19,478.50,397.37,903700
2017-11-25,464.00,469.89,481.99,454.40,589720
2017-11-26,464.00,464.00,464.00,464.00,#VALUE!
2017-11-27,473.44,464.00,491.89,458.25,671200
2017-11-28,465.56,473.44,479.00,457.20,538340
2017-11-29,420.34,465.56,517.00,403.01,801260
2017-11-30,432.21,420.34,454.95,385.40,785980
2017-12-01,460.67,432.21,467.00,413.96,594100
2017-12-02,455.51,460.67,472.00,447.00,473670
2017-12-03,459.49,455.51,482.69,431.04,482910
2017-12-04,465.00,459.49,471.06,439.27,431180
2017-12-05,451.87,465.00,467.38,444.17,656340
2017-12-06,413.71,451.87,454.23,403.00,1290000
2017-12-07,415.02,413.71,429.00,390.00,1130000
2017-12-08,442.19,415.02,453.61,400.34,1120000
2017-12-09,460.92,442.19,487.80,441.00,1130000
2017-12-10,429.24,460.92,460.92,413.30,875790
2017-12-11,515.25,429.24,531.20,429.14,784740
2017-12-12,634.87,515.25,646.92,497.75,1490000
2017-12-13,690.69,634.87,742.00,573.00,2400000
2017-12-14,686.51,690.69,760.00,651.00,1730000
2017-12-15,678.29,686.51,698.31,610.00,1260000
2017-12-16,683.25,678.29,711.96,672.51,703290
2017-12-17,708.78,683.25,725.00,683.24,737160
2017-12-18,783.99,708.78,798.90,660.00,1470000
2017-12-19,799.98,783.99,863.00,750.01,1810000
2017-12-20,794.99,799.98,826.20,709.00,1480000
2017-12-21,786.97,794.99,848.08,747.10,1200000
2017-12-22,628.19,786.97,792.00,492.01,2730000
2017-12-23,672.59,628.19,717.00,616.19,842430
2017-12-24,659.89,672.59,675.00,560.00,1090000
2017-12-25,709.81,659.89,737.00,651.76,764730
2017-12-26,749.80,709.81,749.80,708.83,521740
2017-12-27,736.45,749.80,766.06,703.27,587330
2017-12-28,711.42,736.45,740.30,652.00,893820
2017-12-29,731.52,711.42,755.00,703.02,716870
2017-12-30,682.22,731.52,737.56,640.43,936940
2017-12-31,736.77,682.22,741.99,675.56,536840
2018-01-01,752.46,736.77,762.00,717.94,425460
2018-01-02,858.78,752.46,890.00,752.46,1470000
2018-01-03,942.01,858.78,954.73,840.00,1090000
2018-01-04,940.00,942.01,997.00,893.24,1220000
2018-01-05,962.77,939.30,1023.60,930.00,1040000
2018-01-06,1004.30,962.77,1014.20,951.38,447260
2018-01-07,1115.80,1004.30,1116.00,999.50,699390
2018-01-08,1129.30,1115.90,1225.00,968.12,1540000
2018-01-09,1283.70,1129.40,1299.00,1119.10,1040000
2018-01-10,1248.00,1285.70,1381.90,1203.20,1330000
2018-01-11,1135.50,1245.90,1331.80,1102.50,1260000
2018-01-12,1257.20,1135.10,1285.00,1083.40,732330
2018-01-13,1380.00,1257.00,1423.20,1252.60,709740
2018-01-14,1350.00,1379.90,1385.00,1256.00,618610
2018-01-15,1273.40,1349.90,1377.90,1264.40,481870
2018-01-16,1020.10,1275.80,1278.80,868.98,2350000
2018-01-17,1017.50,1019.60,1088.30,770.10,2400000
2018-01-18,994.81,1020.10,1079.00,940.00,1310000
2018-01-19,1032.60,993.92,1079.00,960.10,612190
2018-01-20,1146.00,1032.60,1160.00,1029.60,573520
2018-01-21,1047.00,1146.30,1146.30,1001.50,691690
2018-01-22,995.08,1047.00,1084.10,912.76,835880
2018-01-23,982.98,995.26,1022.00,905.38,798280
2018-01-24,1063.20,982.11,1068.80,952.04,606140
2018-01-25,1048.20,1061.80,1102.40,1025.10,567300
2018-01-26,1047.00,1048.20,1078.60,983.00,485470
2018-01-27,1114.80,1046.90,1125.30,1031.60,370170
2018-01-28,1246.60,1114.70,1264.80,1109.00,662740
2018-01-29,1175.00,1245.50,1259.80,1155.90,488440
2018-01-30,1071.90,1174.36,1178.92,1042.90,1420000
2018-01-31,1118.08,1072.17,1126.87,1028.03,990740
2018-02-01,1033.55,1118.15,1157.09,970.42,1760000
2018-02-02,920.85,1033.02,1036.17,766.82,3030000
2018-02-03,971.49,920.93,997.51,850.38,1070000
2018-02-04,829.43,971.49,972.66,788.79,1340000
2018-02-05,696.86,828.49,859.72,634.64,2990000
2018-02-06,783.83,696.75,797.94,568.78,4290000
2018-02-07,753.18,782.72,852.98,719.34,1980000
2018-02-08,805.40,752.75,831.02,751.76,1250000
2018-02-09,877.85,805.15,879.51,781.97,923810
2018-02-10,851.39,877.88,908.26,816.72,1050000
2018-02-11,810.45,851.44,854.10,778.90,988450
2018-02-12,865.62,811.01,875.52,810.99,837420
2018-02-13,841.38,865.72,868.92,822.98,733530
2018-02-14,919.67,841.38,922.38,840.82,993860
2018-02-15,927.56,919.53,945.99,902.56,952230
2018-02-16,937.50,927.34,945.68,907.33,662760
2018-02-17,971.54,937.35,972.86,934.49,648320
2018-02-18,913.10,971.57,980.27,903.28,869060
2018-02-19,940.08,913.09,954.94,910.29,552220
2018-02-20,884.51,940.04,959.41,877.65,788970
2018-02-21,839.10,884.94,906.43,818.48,1010000
2018-02-22,803.66,838.97,878.14,789.92,849820
2018-02-23,856.65,803.56,882.61,787.95,868360
2018-02-24,834.36,854.99,874.49,810.91,669620
2018-02-25,840.88,834.10,849.36,818.46,507820
2018-02-26,866.99,841.28,879.18,835.34,619750
2018-02-27,871.44,867.06,894.78,861.40,569300
2018-02-28,852.49,871.58,888.06,850.84,550740
2018-03-01,870.04,852.44,879.53,848.41,514500
2018-03-02,856.09,870.51,875.69,850.47,463750
2018-03-03,855.91,855.46,868.51,853.45,407540
2018-03-04,865.53,855.91,867.35,838.06,444490
2018-03-05,850.24,865.53,870.27,850.24,466380
2018-03-06,814.88,850.00,851.72,803.90,578560
2018-03-07,749.98,814.56,824.83,724.98,945380
2018-03-08,698.96,750.09,772.23,689.41,850150
2018-03-09,725.89,698.91,728.83,644.46,1130000
2018-03-10,682.52,725.70,746.13,678.46,673800
2018-03-11,720.12,682.77,733.33,664.53,690940
2018-03-12,697.04,720.12,739.25,678.27,664590
2018-03-13,689.57,697.06,713.80,680.01,558730
2018-03-14,612.09,689.67,702.53,587.10,990480
2018-03-15,610.13,612.08,620.01,572.69,991890
2018-03-16,600.79,610.36,625.34,585.84,695580
2018-03-17,550.27,600.48,609.48,544.51,777540
2018-03-18,536.72,549.96,559.19,454.90,2560000
2018-03-19,556.16,536.72,558.33,516.31,1460000
2018-03-20,557.08,555.75,566.63,517.02,1160000
2018-03-21,560.24,557.09,589.83,545.87,1010000
2018-03-22,539.87,559.90,577.63,517.81,887950
2018-03-23,543.42,539.90,543.51,508.36,871890
2018-03-24,520.45,543.15,545.15,520.05,554620
2018-03-25,523.50,520.44,535.11,513.05,495850
2018-03-26,485.98,523.46,526.22,467.46,1150000
2018-03-27,448.48,485.97,491.77,446.70,1310000
2018-03-28,446.84,448.73,465.09,440.84,918120
2018-03-29,384.12,446.86,449.33,380.85,2010000
2018-03-30,393.79,384.13,411.17,366.12,1960000
2018-03-31,393.96,393.75,419.07,390.09,1210000
2018-04-01,378.75,394.10,399.46,359.49,1240000
2018-04-02,385.07,378.85,393.94,375.67,824810
2018-04-03,415.55,385.02,418.78,380.89,1060000
2018-04-04,378.68,415.58,416.38,371.35,1120000
2018-04-05,381.52,378.62,386.91,367.21,903270
2018-04-06,369.97,381.69,385.70,363.83,700800
2018-04-07,384.87,369.97,394.66,369.41,600400
2018-04-08,400.71,384.85,403.71,384.85,569260
2018-04-09,399.05,400.67,430.85,388.05,1300000
2018-04-10,415.45,399.04,417.84,391.81,709220
2018-04-11,430.14,415.43,433.25,412.35,827170
2018-04-12,494.03,430.13,498.13,414.07,1860000
2018-04-13,493.48,494.25,528.71,482.19,1670000
2018-04-14,502.52,494.36,514.14,486.89,924640
2018-04-15,533.90,502.52,534.18,502.52,988290
2018-04-16,511.82,533.89,537.32,498.87,1030000
2018-04-17,503.19,511.75,520.86,501.73,826710
2018-04-18,525.66,503.24,526.41,502.02,759150
2018-04-19,567.49,525.74,570.15,522.15,1040000
2018-04-20,617.04,567.70,620.58,558.27,1420000
2018-04-21,605.59,617.10,623.86,574.73,1230000
2018-04-22,622.23,605.58,643.58,591.78,1020000
2018-04-23,644.13,622.01,648.58,619.81,859640
2018-04-24,703.02,644.08,711.74,644.05,1480000
2018-04-25,617.36,702.94,703.25,594.98,2720000
2018-04-26,662.36,617.37,665.20,600.69,1370000
2018-04-27,643.97,661.65,685.54,641.84,1060000
2018-04-28,683.49,643.96,693.79,640.92,871550
2018-04-29,689.90,683.49,700.05,669.15,856120
2018-04-30,670.07,689.83,693.85,664.03,913860
2018-05-01,671.26,670.12,674.36,630.33,1030000
2018-05-02,688.15,671.31,690.97,664.29,873980
2018-05-03,778.95,688.23,788.61,686.79,1550000
2018-05-04,785.20,778.97,806.90,760.10,1240000
2018-05-05,818.33,785.29,830.03,782.18,1000000
2018-05-06,793.19,818.75,838.26,755.09,1160000
2018-05-07,754.03,793.29,797.30,700.40,2120000
2018-05-08,748.48,759.35,761.43,721.49,1140000
2018-05-09,751.62,747.98,759.71,711.49,1070000
2018-05-10,724.40,751.98,768.24,723.39,983140
2018-05-11,676.21,724.36,736.58,665.81,1630000
2018-05-12,683.94,676.97,689.83,635.23,1340000
2018-05-13,729.37,684.77,739.67,669.20,1010000
2018-05-14,727.06,729.41,741.52,687.16,1390000
2018-05-15,705.73,727.06,738.71,696.63,1030000
2018-05-16,706.53,705.73,710.49,667.51,978180
2018-05-17,668.97,706.53,718.50,663.91,953690
2018-05-18,693.28,668.98,694.24,658.25,906930
2018-05-19,696.76,693.28,716.51,683.38,732310
2018-05-20,716.02,696.73,722.92,688.70,702630
2018-05-21,696.85,716.02,718.06,694.07,590690
2018-05-22,642.17,696.84,698.48,639.20,928090
2018-05-23,577.55,642.02,649.85,564.74,1780000
2018-05-24,602.43,577.52,609.39,547.39,1560000
2018-05-25,585.39,602.40,616.48,569.77,1080000
2018-05-26,586.76,585.39,606.26,579.36,651250
2018-05-27,570.69,586.63,591.48,558.44,892940
2018-05-28,512.29,570.67,575.00,507.72,1500000
2018-05-29,566.81,512.32,572.71,511.94,1380000
2018-05-30,557.98,566.86,584.90,543.16,1060000
2018-05-31,577.87,557.96,586.15,554.96,922240
2018-06-01,579.30,577.87,589.55,565.69,861910
2018-06-02,591.30,579.34,598.78,574.80,808420
2018-06-03,619.08,591.33,627.51,590.81,764930
2018-06-04,591.44,619.09,624.81,580.71,809800
2018-06-05,608.83,591.44,613.00,577.53,829990
2018-06-06,606.39,608.83,611.63,593.98,700740
2018-06-07,604.71,606.39,616.52,600.29,843320
2018-06-08,599.67,604.71,608.32,593.74,622540
2018-06-09,593.80,599.67,608.65,592.54,534160
2018-06-10,524.64,593.80,593.82,503.43,1490000
2018-06-11,531.42,524.64,535.63,510.29,1210000
2018-06-12,494.48,531.40,538.16,484.99,1240000
2018-06-13,476.17,494.60,501.64,450.67,1560000
2018-06-14,519.49,476.17,525.21,461.62,1700000
2018-06-15,487.88,519.49,520.73,483.99,1250000
2018-06-16,496.93,487.88,502.47,484.89,749090
2018-06-17,496.43,496.95,507.19,494.73,604790
2018-06-18,517.91,496.47,523.95,489.16,842050
2018-06-19,538.22,517.91,547.50,514.88,985960
2018-06-20,536.31,538.22,541.08,517.42,873140
2018-06-21,526.01,536.31,544.71,522.47,774030
2018-06-22,462.57,525.97,526.26,450.72,1740000
2018-06-23,474.14,462.58,482.42,456.46,1220000
2018-06-24,454.81,474.14,475.74,419.56,2640000
2018-06-25,458.76,454.81,472.54,437.08,4410000
2018-06-26,430.33,458.76,459.96,429.87,5310000
2018-06-27,442.16,430.32,445.38,423.01,2020000
2018-06-28,421.27,442.16,443.32,418.62,1660000
2018-06-29,435.37,421.23,441.29,406.12,1780000
2018-06-30,452.67,434.92,457.49,433.46,1820000
2018-07-01,452.57,452.72,456.02,445.06,1670000
2018-07-02,475.70,452.57,479.94,442.29,1910000
2018-07-03,461.89,475.73,483.93,460.63,1720000
2018-07-04,467.52,461.90,480.69,453.94,1280000
2018-07-05,468.47,467.58,478.59,459.68,1740000
2018-07-06,469.90,468.47,474.58,455.05,1750000
2018-07-07,485.40,469.91,486.18,464.29,1620000
2018-07-08,486.45,485.40,494.03,482.24,2160000
2018-07-09,471.52,486.41,488.10,469.93,1200000
2018-07-10,432.67,471.77,473.36,429.39,1620000
2018-07-11,445.99,432.67,447.62,425.60,1050000
2018-07-12,430.84,445.96,446.27,418.71,1550000
2018-07-13,432.85,430.86,442.02,425.77,1240000
2018-07-14,434.09,432.88,439.94,429.89,932650
2018-07-15,450.81,434.09,455.68,432.59,916020
2018-07-16,479.79,450.87,480.84,446.14,1420000
2018-07-17,499.87,479.68,511.54,467.33,1700000
2018-07-18,480.00,499.86,515.20,470.91,1520000
2018-07-19,469.47,480.00,484.00,463.94,1210000
2018-07-20,449.38,469.48,469.74,441.74,1520000
2018-07-21,461.52,449.44,468.95,443.04,972660
2018-07-22,459.02,461.51,472.88,456.35,918810
2018-07-23,450.56,459.02,470.37,448.14,1320000
2018-07-24,479.88,450.58,484.30,449.44,1590000
2018-07-25,472.03,479.78,484.97,464.75,1380000
2018-07-26,462.75,472.03,484.59,460.61,1110000
2018-07-27,470.23,462.79,473.58,457.36,1170000
2018-07-28,468.78,470.24,471.47,461.55,1070000
2018-07-29,466.41,468.89,471.78,462.04,1040000
2018-07-30,456.64,466.41,468.60,447.06,1380000
2018-07-31,431.50,456.65,457.33,427.81,1520000
2018-08-01,420.30,431.88,434.43,407.96,1640000
2018-08-02,411.00,420.33,424.51,408.21,1320000
2018-08-03,417.58,411.00,419.74,398.10,1430000
2018-08-04,407.09,417.58,419.70,402.52,1140000
2018-08-05,408.85,407.11,412.51,401.22,1020000
2018-08-06,405.40,408.81,413.40,401.66,1020000
2018-08-07,378.25,405.38,410.57,370.06,1630000
2018-08-08,355.44,378.29,380.15,348.98,2050000
2018-08-09,363.34,355.48,369.74,351.07,1420000
2018-08-10,331.81,363.33,365.36,326.67,1740000
2018-08-11,317.59,331.78,332.52,305.19,2160000
2018-08-12,318.18,317.63,327.51,314.71,1520000
2018-08-13,284.01,318.20,321.22,281.17,2330000
2018-08-14,278.19,284.00,284.00,250.84,5960000
2018-08-15,281.12,278.30,303.85,277.91,5170000
2018-08-16,286.76,281.12,298.19,278.60,4080000
2018-08-17,316.90,286.76,316.90,285.78,4750000
2018-08-18,293.89,316.91,320.81,282.76,4310000
2018-08-19,299.33,293.90,306.30,289.50,3540000
2018-08-20,271.08,299.33,303.74,270.17,3880000
2018-08-21,280.90,271.90,282.77,270.26,2970000
2018-08-22,269.84,280.90,298.20,266.40,5030000
2018-08-23,276.12,269.84,279.19,268.94,3940000
2018-08-24,281.29,276.12,282.71,270.91,4900000
2018-08-25,277.61,281.29,282.74,276.53,4050000
2018-08-26,274.46,277.61,281.34,269.75,4140000
2018-08-27,286.57,274.46,286.57,271.90,4890000
2018-08-28,295.62,286.57,297.86,282.57,4710000
2018-08-29,288.42,295.61,297.11,284.45,4840000
2018-08-30,283.97,288.41,290.91,272.85,4990000
2018-08-31,281.94,283.97,284.85,277.13,4660000
2018-09-01,295.31,281.94,301.92,281.76,4530000
2018-09-02,295.05,295.32,299.38,289.45,5850000
2018-09-03,288.92,295.05,296.76,285.95,5350000
2018-09-04,285.17,288.98,292.60,283.40,5020000
2018-09-05,228.77,285.17,288.01,227.76,6210000
2018-09-06,229.60,228.76,232.66,212.90,5810000
2018-09-07,215.60,229.58,234.49,214.84,4510000
2018-09-08,196.79,215.51,220.85,191.16,4470000
2018-09-09,195.80,196.69,208.23,187.26,5470000
2018-09-10,197.04,195.81,203.64,187.35,4380000
2018-09-11,185.07,197.05,200.42,177.29,5150000
2018-09-12,182.98,185.07,186.57,169.08,5830000
2018-09-13,211.00,183.11,214.57,183.11,7460000
2018-09-14,209.98,210.98,224.60,203.16,7710000
2018-09-15,221.94,209.88,259.37,209.06,5530000
2018-09-16,220.20,221.94,223.14,208.61,4640000
2018-09-17,196.24,220.20,224.48,192.87,7490000
2018-09-18,209.03,196.17,213.93,195.24,5320000
2018-09-19,209.74,209.02,214.91,199.19,5680000
2018-09-20,224.42,209.74,225.48,207.78,4470000
2018-09-21,247.92,224.43,250.74,222.05,6760000
2018-09-22,240.82,247.92,254.36,233.46,5160000
2018-09-23,244.67,240.82,249.02,238.14,4030000
2018-09-24,228.01,244.67,246.87,225.73,4540000
2018-09-25,219.04,228.02,228.59,204.84,5780000
2018-09-26,214.35,219.14,222.41,208.91,6370000
2018-09-27,229.15,214.46,232.60,211.31,7370000
2018-09-28,221.77,229.18,234.14,215.39,7340000
2018-09-29,231.87,221.95,237.45,215.15,8900000
2018-09-30,232.80,231.90,238.64,227.01,8740000
2018-10-01,231.77,232.80,235.95,225.33,8310000
2018-10-02,225.84,231.77,232.97,223.75,8170000
2018-10-03,220.51,225.84,227.15,216.44,8470000
2018-10-04,222.57,220.48,227.14,219.75,7830000
2018-10-05,228.34,222.33,231.88,220.00,7630000
2018-10-06,225.18,228.34,228.69,223.01,8200000
2018-10-07,226.11,225.19,227.44,222.00,1470000
2018-10-08,229.84,226.11,231.66,224.79,1300000
2018-10-09,228.25,229.83,232.66,226.81,945430
2018-10-10,226.30,228.28,231.32,224.74,1070000
2018-10-11,190.89,226.33,226.36,188.65,3500000
2018-10-12,196.70,190.89,202.90,190.89,1690000
2018-10-13,201.22,196.67,206.13,196.41,976300
2018-10-14,197.08,201.22,207.53,195.51,12890000
2018-10-15,214.26,197.09,235.83,195.40,41350000
2018-10-16,215.06,214.27,218.71,211.37,20240000
2018-10-17,213.46,215.06,216.60,210.10,16840000
2018-10-18,206.58,213.16,215.23,203.95,16210000
2018-10-19,204.97,206.60,208.74,204.02,26320000
2018-10-20,208.04,205.12,209.37,203.65,12480000
2018-10-21,207.37,207.76,211.65,207.04,14650000
2018-10-22,206.77,207.38,209.39,205.50,27130000
2018-10-23,205.68,207.03,207.95,202.99,19710000
2018-10-24,205.12,205.68,207.86,205.00,18180000
2018-10-25,204.11,205.12,206.12,202.99,15680000
2018-10-26,204.58,204.08,208.94,203.19,13990000
2018-10-27,204.36,204.78,206.22,203.06,9760000
2018-10-28,204.99,204.36,205.52,203.05,9110000
2018-10-29,197.05,204.84,205.79,195.03,17760000
2018-10-30,197.39,196.83,198.96,195.28,22410000
2018-10-31,198.59,197.27,201.89,193.00,19690000
2018-11-01,198.17,198.59,199.79,197.84,12550000
2018-11-02,202.66,198.17,203.75,198.13,7260000
2018-11-03,200.23,202.67,203.16,199.63,8620000
2018-11-04,211.86,200.27,218.35,199.38,54200000
2018-11-05,210.67,211.86,212.42,207.82,77470000
2018-11-06,220.22,210.67,221.32,209.15,33870000
2018-11-07,218.80,220.22,224.64,217.16,15960000
2018-11-08,212.87,218.80,220.53,212.79,23560000
2018-11-09,211.39,212.87,215.26,209.23,3470000
2018-11-10,213.21,211.39,215.47,210.61,10440000
2018-11-11,213.18,213.19,214.22,209.51,48660000
2018-11-12,212.79,213.10,214.95,211.54,17810000
2018-11-13,210.44,212.79,213.88,209.40,27770000
2018-11-14,187.46,210.44,210.59,177.34,45720000
2018-11-15,184.10,187.51,189.79,171.99,69510000
2018-11-16,177.01,184.10,184.88,175.29,43390000
2018-11-17,176.53,176.99,177.93,174.94,44190000
2018-11-18,178.65,176.53,182.07,176.06,1590000
2018-11-19,150.12,178.76,178.93,146.86,5230000
2018-11-20,132.92,150.27,153.55,127.30,7690000
2018-11-21,137.72,132.90,140.86,126.84,5120000
2018-11-22,126.12,137.75,139.74,125.93,2920000
2018-11-23,124.64,126.17,128.08,119.76,4470000
2018-11-24,114.43,124.63,129.34,111.79,3810000
2018-11-25,118.04,114.42,121.10,102.80,6740000
2018-11-26,110.08,118.03,120.56,106.44,5090000
2018-11-27,111.18,110.08,113.67,102.84,5420000
2018-11-28,122.74,111.19,126.60,111.19,5410000
2018-11-29,117.85,122.75,123.77,114.81,4000000
2018-11-30,113.77,117.86,119.80,111.73,4270000
2018-12-01,118.23,113.76,120.45,111.62,2870000
2018-12-02,116.41,118.23,120.71,116.08,2100000
2018-12-03,108.66,116.40,127.08,106.79,2660000
2018-12-04,110.09,108.66,113.16,106.13,2480000
2018-12-05,102.33,110.14,110.70,102.24,3040000
2018-12-06,90.86,102.36,104.42,90.57,5060000
2018-12-07,93.27,90.85,96.99,77.65,7730000
2018-12-08,90.57,93.28,97.98,84.75,5680000
2018-12-09,93.62,90.56,98.76,88.82,4880000
2018-12-10,90.17,93.62,95.30,88.68,4150000
2018-12-11,88.32,90.18,91.94,86.25,4380000
2018-12-12,89.62,87.72,91.33,87.19,3460000
2018-12-13,86.31,89.62,90.72,84.83,3940000
2018-12-14,83.81,86.31,87.00,82.28,3840000
2018-12-15,83.90,83.81,85.07,81.97,3040000
2018-12-16,84.72,83.90,87.62,83.89,3610000
2018-12-17,94.37,84.72,96.99,84.61,5370000
2018-12-18,100.66,94.37,101.33,91.96,4660000
2018-12-19,99.37,100.68,107.89,98.57,5580000
2018-12-20,114.61,99.36,116.35,98.63,6340000
2018-12-21,108.18,114.60,118.67,105.59,5180000
2018-12-22,115.84,108.18,115.87,105.97,3300000
2018-12-23,129.60,115.85,132.46,115.79,6660000
2018-12-24,139.23,129.60,158.27,129.48,9390000
2018-12-25,128.39,139.06,139.74,122.14,7040000
2018-12-26,130.06,128.39,136.13,123.39,5110000
2018-12-27,114.56,130.06,131.51,112.59,4830000
2018-12-28,136.61,114.57,137.22,113.14,5940000
2018-12-29,133.67,136.59,146.02,130.71,5920000
2018-12-30,138.45,133.64,139.76,129.51,4350000
2018-12-31,131.90,138.45,138.72,129.61,3230000
2019-01-01,139.61,131.90,140.51,130.67,3050000
2019-01-02,152.95,139.58,155.93,138.74,5510000
2019-01-03,146.94,152.96,154.30,144.39,4020000
2019-01-04,152.86,146.94,155.40,145.29,4920000
2019-01-05,153.49,152.87,159.78,152.84,4850000
2019-01-06,154.96,153.48,158.29,148.63,4230000
2019-01-07,149.96,154.96,156.36,148.47,2880000
2019-01-08,148.41,149.96,152.21,146.29,3040000
2019-01-09,148.79,148.41,152.57,147.95,2340000
2019-01-10,125.63,148.78,150.09,121.98,6480000
2019-01-11,125.15,125.61,127.83,121.28,3770000
2019-01-12,123.75,125.15,126.15,122.73,2210000
2019-01-13,114.64,123.75,124.09,112.79,2980000
2019-01-14,127.53,114.65,130.30,114.62,3860000
2019-01-15,119.62,127.55,129.60,116.90,4310000
2019-01-16,121.72,119.59,126.50,119.10,3830000
2019-01-17,122.03,121.71,123.03,117.51,3610000
2019-01-18,119.34,122.02,122.19,118.27,2590000
2019-01-19,123.02,119.34,125.37,119.34,3360000
2019-01-20,117.52,123.00,123.52,116.25,3930000
2019-01-21,116.05,117.52,118.04,114.15,4800000
2019-01-22,118.23,116.05,119.47,112.36,5110000
2019-01-23,116.84,118.23,119.01,115.52,4350000
2019-01-24,116.71,116.84,117.32,114.93,4380000
2019-01-25,115.50,116.70,117.41,115.03,4750000
2019-01-26,115.83,115.50,117.63,115.37,3480000
2019-01-27,112.50,115.83,116.24,112.03,4650000
2019-01-28,105.82,112.50,113.14,101.60,7450000
2019-01-29,104.79,105.82,107.32,102.89,5410000
2019-01-30,108.52,104.76,109.67,103.82,5950000
2019-01-31,106.71,108.51,110.56,105.86,5110000
2019-02-01,106.98,106.74,108.54,104.41,4980000
2019-02-02,110.68,106.99,111.16,106.29,4230000
2019-02-03,107.62,110.67,111.25,106.36,5010000
2019-02-04,107.90,107.63,109.24,106.95,5020000
2019-02-05,107.37,107.91,108.32,106.60,4670000
2019-02-06,104.63,107.37,107.67,102.28,6150000
2019-02-07,104.55,104.63,106.12,104.29,5050000
2019-02-08,119.23,104.55,122.58,103.89,9190000
2019-02-09,119.44,119.27,121.09,117.96,5210000
2019-02-10,124.92,119.44,125.46,116.42,6320000
2019-02-11,121.30,124.94,125.05,119.55,6130000
2019-02-12,122.64,121.32,123.99,119.28,5740000
2019-02-13,122.22,122.66,126.17,121.06,6170000
2019-02-14,120.97,122.21,124.46,120.44,5810000
2019-02-15,121.73,120.97,124.00,120.87,5690000
2019-02-16,122.87,121.72,124.50,121.71,5330000
2019-02-17,133.79,122.88,135.27,122.78,8670000
2019-02-18,145.80,133.79,147.64,125.07,11930000
2019-02-19,144.01,145.79,149.84,143.80,9900000
2019-02-20,149.11,144.02,149.46,140.88,8610000
2019-02-21,145.78,149.01,149.55,143.50,7210000
2019-02-22,147.97,145.79,148.83,144.27,6790000
2019-02-23,158.30,147.97,159.31,146.28,8310000
2019-02-24,132.93,158.31,165.79,132.87,14300000
2019-02-25,138.27,132.94,141.57,132.85,10550000
2019-02-26,136.67,138.26,138.66,134.48,11750000
2019-02-27,135.20,136.66,159.60,128.15,16110000
2019-02-28,135.47,135.20,138.56,133.09,16080000
2019-03-01,135.72,135.47,138.06,128.46,9730000
2019-03-02,132.76,135.72,136.36,130.74,11290000
2019-03-03,131.01,132.77,168.42,129.05,10640000
2019-03-04,125.97,131.02,131.57,123.25,14110000
2019-03-05,136.82,125.97,141.11,125.44,16740000
2019-03-06,137.62,136.82,149.49,133.94,14700000
2019-03-07,136.93,137.62,139.98,135.72,13290000
2019-03-08,133.85,136.93,139.45,131.66,12380000
2019-03-09,137.52,133.84,138.57,133.38,10790000
2019-03-10,135.72,137.52,137.75,134.53,9210000
2019-03-11,132.99,135.72,136.23,131.66,11170000
2019-03-12,133.80,132.99,134.93,129.14,13030000
2019-03-13,131.97,133.81,133.84,131.20,9590000
2019-03-14,132.45,131.97,134.82,130.48,9790000
2019-03-15,136.75,132.44,137.68,132.44,12550000
2019-03-16,141.15,136.77,143.95,136.75,16890000
2019-03-17,138.91,141.15,141.17,137.61,9790000
2019-03-18,137.92,138.91,141.87,136.86,12870000
2019-03-19,138.72,137.92,139.50,137.10,10840000
2019-03-20,139.31,138.72,139.75,136.56,10460000
2019-03-21,135.11,139.32,139.74,133.05,12950000
2019-03-22,136.42,135.11,137.44,134.65,10180000
2019-03-23,137.53,136.42,138.30,135.76,9160000
2019-03-24,136.44,137.53,137.53,135.50,9660000
2019-03-25,134.25,136.44,137.05,132.36,11490000
2019-03-26,134.37,134.25,134.99,132.61,9470000
2019-03-27,139.65,134.37,140.08,133.89,15470000
2019-03-28,138.15,139.63,140.33,137.68,9520000
2019-03-29,143.38,138.17,143.53,138.13,12090000
2019-03-30,142.65,143.38,145.85,140.43,12810000
2019-03-31,141.79,142.65,142.69,140.71,9330000
2019-04-01,141.50,141.77,143.28,140.26,11850000
2019-04-02,163.47,141.50,165.42,141.29,36030000
2019-04-03,160.34,163.47,177.29,152.24,47660000
2019-04-04,157.43,160.34,164.33,153.26,13550000
2019-04-05,164.93,157.43,167.34,156.42,10060000
2019-04-06,165.55,164.93,172.53,160.22,10370000
2019-04-07,174.33,165.58,175.37,164.17,9880000
2019-04-08,179.16,174.32,185.54,171.87,14830000
2019-04-09,175.09,179.16,179.24,172.15,10820000
2019-04-10,177.37,175.09,183.49,171.61,12100000
2019-04-11,164.36,177.39,177.63,159.60,11110000
2019-04-12,163.47,164.37,166.08,158.93,7120000
2019-04-13,163.19,163.46,165.27,161.34,5520000
2019-04-14,167.29,163.19,168.18,161.52,5890000
2019-04-15,160.17,167.30,168.63,153.65,7710000
2019-04-16,165.65,160.16,166.64,159.52,7660000
2019-04-17,165.90,165.61,167.21,164.26,7560000
2019-04-18,173.33,165.91,175.02,165.38,10160000
2019-04-19,172.79,173.34,173.41,169.15,9260000
2019-04-20,172.73,172.79,176.71,170.17,8190000
2019-04-21,168.52,172.89,173.42,164.81,8780000
2019-04-22,170.87,168.50,172.32,167.07,8620000
2019-04-23,169.95,170.87,175.92,169.01,10170000
2019-04-24,165.22,169.94,170.53,154.87,11610000
2019-04-25,155.18,165.23,165.81,151.73,10780000
2019-04-26,157.97,155.16,161.82,152.32,11520000
2019-04-27,159.41,157.96,161.95,156.74,8510000
2019-04-28,158.27,159.43,160.28,157.54,8280000
2019-04-29,154.93,158.30,159.16,152.60,10690000
2019-04-30,161.80,154.94,162.56,154.94,9570000
2019-05-01,160.38,161.84,163.70,158.85,7740000
2019-05-02,161.66,160.35,162.88,159.22,8130000
2019-05-03,167.86,161.66,169.80,160.86,10230000
2019-05-04,163.68,167.87,171.04,160.36,10230000
2019-05-05,163.03,163.67,165.25,159.56,8540000
2019-05-06,173.00,163.03,176.98,159.66,12970000
2019-05-07,169.34,172.99,181.39,169.06,15230000
2019-05-08,170.77,169.34,172.68,165.70,9750000
2019-05-09,170.84,170.76,173.28,167.03,10030000
2019-05-10,172.77,170.85,175.78,168.86,12730000
2019-05-11,192.27,172.78,204.72,172.75,20900000
2019-05-12,188.07,192.17,202.93,182.81,18520000
2019-05-13,196.02,188.09,206.10,185.69,14800000
2019-05-14,217.42,196.00,220.02,195.22,16800000
2019-05-15,248.15,217.34,249.78,217.32,18660000
2019-05-16,264.69,248.14,278.52,244.27,25140000
2019-05-17,244.45,264.68,267.80,224.62,22540000
2019-05-18,233.89,244.38,247.84,232.13,13930000
2019-05-19,259.63,233.87,263.05,232.85,14380000
2019-05-20,250.72,259.68,259.68,238.64,12380000
2019-05-21,253.76,250.72,261.59,246.85,10240000
2019-05-22,244.34,253.70,259.70,241.68,10830000
2019-05-23,244.68,244.35,247.30,231.89,13070000
2019-05-24,249.17,244.68,254.22,241.74,10070000
2019-05-25,250.68,249.20,256.90,247.90,8580000
2019-05-26,264.68,250.69,268.75,245.92,10060000
2019-05-27,270.98,264.66,279.07,262.96,11580000
2019-05-28,271.18,270.97,275.39,265.50,9350000
2019-05-29,268.61,271.16,273.72,260.85,22330000
2019-05-30,254.52,268.62,287.99,241.51,15520000
2019-05-31,267.99,254.57,268.70,246.61,11630000
2019-06-01,264.31,267.94,274.94,261.14,9060000
2019-06-02,269.01,264.26,272.64,263.59,7310000
2019-06-03,250.37,269.03,269.77,248.77,9230000
2019-06-04,241.26,250.26,251.47,235.35,11390000
2019-06-05,245.83,241.27,248.24,237.94,8640000
2019-06-06,248.54,245.81,250.00,236.40,7720000
2019-06-07,248.98,248.63,253.12,244.33,7410000
2019-06-08,243.42,248.98,250.51,241.09,6230000
2019-06-09,231.27,243.43,244.36,227.00,7800000
2019-06-10,246.86,231.21,246.99,227.38,8390000
2019-06-11,244.41,246.85,247.77,237.60,6920000
2019-06-12,261.54,244.38,261.67,242.57,7890000
2019-06-13,254.86,261.38,262.47,254.02,7300000
2019-06-14,262.53,254.89,268.81,252.01,6870000
2019-06-15,267.75,262.53,271.61,260.92,6520000
2019-06-16,267.98,267.74,282.75,263.96,8660000
2019-06-17,273.00,268.00,274.14,266.96,7410000
2019-06-18,264.59,273.02,273.26,261.76,7390000
2019-06-19,268.26,264.59,269.79,263.61,6230000
2019-06-20,271.43,268.26,273.18,264.83,7040000
2019-06-21,294.72,271.45,295.72,271.45,11060000
2019-06-22,310.38,294.69,314.00,292.09,10690000
2019-06-23,308.53,310.39,320.79,306.12,8490000
2019-06-24,311.46,308.51,313.67,297.90,7100000
2019-06-25,317.65,311.47,318.49,307.75,8510000
2019-06-26,338.54,317.65,364.89,315.99,15730000
2019-06-27,297.55,338.54,345.83,279.82,16130000
2019-06-28,310.56,297.73,312.70,295.30,9930000
2019-06-29,318.48,310.52,324.13,295.44,9030000
2019-06-30,292.21,318.26,323.21,290.78,9820000
2019-07-01,294.83,292.23,303.00,280.35,9570000
2019-07-02,291.41,294.87,297.00,273.07,10300000
2019-07-03,300.58,291.48,301.64,289.39,7900000
2019-07-04,283.43,300.51,301.56,281.18,7260000
2019-07-05,287.15,283.36,293.61,281.92,7800000
2019-07-06,288.08,287.16,296.06,285.61,7560000
2019-07-07,304.88,288.11,309.42,285.28,8430000
2019-07-08,312.23,304.87,313.15,301.60,8500000
2019-07-09,307.41,312.23,317.94,303.38,9130000
2019-07-10,289.10,307.44,313.81,281.53,12440000
2019-07-11,268.72,289.13,289.14,263.08,11360000
2019-07-12,274.68,268.72,278.33,266.81,7950000
2019-07-13,269.16,274.68,275.04,262.85,7840000
2019-07-14,226.62,269.12,269.62,223.95,11860000
2019-07-15,228.49,226.56,235.43,204.39,14590000
2019-07-16,198.87,228.49,234.41,193.48,14520000
2019-07-17,210.95,198.88,219.13,192.91,13510000
2019-07-18,225.23,210.95,228.42,206.47,12650000
2019-07-19,220.09,225.23,225.68,213.57,9380000
2019-07-20,227.86,220.11,233.70,219.80,9120000
2019-07-21,225.01,227.83,228.76,217.72,8500000
2019-07-22,217.27,225.03,227.47,212.46,8600000
2019-07-23,211.87,217.27,218.03,208.31,8700000
2019-07-24,215.44,211.86,217.02,202.30,9720000
2019-07-25,217.65,215.45,224.05,214.79,8420000
2019-07-26,217.83,217.65,218.65,212.07,6960000
2019-07-27,206.62,217.80,222.70,203.50,8550000
2019-07-28,210.37,206.64,212.01,199.68,7540000
2019-07-29,209.82,210.39,214.45,207.37,7200000
2019-07-30,208.49,209.81,212.88,204.54,7150000
2019-07-31,217.23,208.49,218.19,208.17,7510000
2019-08-01,216.37,217.23,217.55,211.23,7090000
2019-08-02,216.54,216.37,220.84,213.93,7560000
2019-08-03,220.89,216.52,223.00,215.52,6990000
2019-08-04,220.72,220.89,222.21,216.31,6510000
2019-08-05,232.45,220.76,235.00,220.75,9790000
2019-08-06,225.63,232.45,237.47,222.46,9350000
2019-08-07,224.66,225.62,229.22,220.62,7900000
2019-08-08,220.16,224.68,226.11,215.57,7540000
2019-08-09,209.49,220.12,220.49,206.40,9660000
2019-08-10,205.93,209.46,213.53,202.35,8700000
2019-08-11,215.83,205.92,216.23,205.64,7630000
2019-08-12,210.45,215.84,215.97,209.49,7940000
2019-08-13,207.68,210.48,211.01,106.01,18290000
2019-08-14,186.56,207.68,209.43,183.74,12460000
2019-08-15,187.80,186.59,189.30,176.08,14030000
2019-08-16,184.55,187.67,188.03,179.35,11330000
2019-08-17,184.81,184.55,186.12,181.58,8780000
2019-08-18,193.68,184.83,197.17,182.96,9110000
2019-08-19,201.64,193.67,202.81,192.33,8140000
2019-08-20,196.14,201.65,201.96,194.55,10010000
2019-08-21,187.24,196.15,196.78,181.29,12980000
2019-08-22,190.29,187.27,194.42,182.97,9970000
2019-08-23,193.43,190.29,195.32,175.80,8560000
2019-08-24,190.15,193.42,193.47,186.13,8380000
2019-08-25,186.30,190.16,191.49,182.81,7580000
2019-08-26,188.34,186.32,193.09,186.02,9020000
2019-08-27,186.58,188.36,188.61,184.26,7190000
2019-08-28,172.85,186.60,187.13,167.57,9720000
2019-08-29,168.66,172.85,173.05,164.04,9550000
2019-08-30,168.16,168.68,170.27,165.38,7490000
2019-08-31,171.62,168.14,174.43,166.16,7890000
2019-09-01,169.72,171.62,173.22,167.08,7800000
2019-09-02,178.11,169.72,180.56,169.45,9270000
2019-09-03,178.81,178.10,182.59,175.37,9030000
2019-09-04,174.79,178.82,180.06,173.85,7550000
2019-09-05,173.83,174.80,175.56,170.54,7400000
2019-09-06,169.15,173.82,177.79,166.16,9980000
2019-09-07,177.74,169.14,180.63,168.42,9050000
2019-09-08,181.44,177.76,183.42,177.36,8340000
2019-09-09,180.65,181.45,184.76,176.25,9640000
2019-09-10,180.05,180.64,184.16,177.44,8270000
2019-09-11,178.47,180.05,182.27,174.86,10660000
2019-09-12,180.87,178.48,182.37,176.85,7190000
2019-09-13,181.11,180.87,181.53,177.79,7680000
2019-09-14,188.16,181.06,188.54,180.09,8630000
2019-09-15,189.10,188.17,190.23,185.92,7300000
2019-09-16,197.32,189.10,198.82,188.68,10010000
2019-09-17,207.77,197.33,214.45,195.95,11690000
2019-09-18,210.43,207.80,216.89,207.69,9780000
2019-09-19,220.21,210.44,223.35,202.95,12420000
2019-09-20,218.00,220.22,221.27,213.12,9100000
2019-09-21,215.22,218.01,221.17,213.71,8690000
2019-09-22,211.13,215.23,215.64,206.71,9720000
2019-09-23,201.18,211.16,211.76,199.82,9650000
2019-09-24,166.29,201.22,202.97,164.78,19020000
2019-09-25,168.92,166.29,174.26,162.12,13880000
2019-09-26,164.56,168.93,169.81,153.17,11970000
2019-09-27,173.19,164.58,175.65,161.32,10940000
2019-09-28,173.62,173.19,175.15,168.56,10220000
2019-09-29,169.29,173.62,174.43,164.97,9900000
2019-09-30,180.35,169.28,180.52,165.59,11930000
2019-10-01,175.78,180.36,184.95,174.03,11880000
2019-10-02,180.27,175.78,180.84,173.97,8470000
2019-10-03,174.54,180.26,180.57,170.65,8890000
2019-10-04,175.65,174.58,178.43,171.33,8440000
2019-10-05,176.43,175.65,176.63,172.39,7300000
2019-10-06,170.55,176.44,176.87,168.74,7970000
2019-10-07,179.87,170.52,182.03,169.13,10950000
2019-10-08,180.78,179.81,184.57,177.74,10260000
2019-10-09,192.64,180.74,195.08,179.39,12430000
2019-10-10,191.10,192.65,194.08,187.33,10420000
2019-10-11,180.60,191.11,195.87,179.76,13310000
2019-10-12,179.87,180.60,184.49,178.78,9850000
2019-10-13,181.11,179.86,184.42,178.89,8220000
2019-10-14,186.63,181.07,186.99,180.65,9910000
2019-10-15,180.59,186.64,187.67,178.26,11450000
2019-10-16,174.53,180.57,181.08,172.49,12280000
2019-10-17,177.31,174.52,178.33,172.12,9450000
2019-10-18,172.81,177.31,177.47,169.28,11270000
2019-10-19,171.91,172.79,174.81,170.38,9890000
2019-10-20,175.14,171.93,176.17,169.56,10100000
2019-10-21,174.18,175.14,177.67,171.91,9240000
2019-10-22,171.42,174.17,175.08,170.82,9860000
2019-10-23,162.28,171.44,171.61,154.42,16000000
2019-10-24,160.73,162.26,163.68,159.40,11360000
2019-10-25,181.49,160.73,186.24,160.41,16190000
2019-10-26,179.62,181.50,192.54,174.35,19630000
2019-10-27,184.05,179.61,188.33,176.47,14540000
2019-10-28,181.67,184.06,188.91,180.70,12750000
2019-10-29,190.45,181.67,192.28,181.67,14030000
2019-10-30,183.25,190.44,191.58,180.58,13670000
2019-10-31,182.37,183.25,185.21,178.24,12940000
2019-11-01,183.12,182.38,184.28,178.69,10780000
2019-11-02,183.01,183.12,185.18,181.94,8710000
2019-11-03,181.70,183.01,184.51,179.46,10410000
2019-11-04,185.85,181.72,188.27,180.69,11890000
2019-11-05,188.67,185.86,191.45,183.12,11780000
2019-11-06,191.28,188.66,194.11,188.13,11720000
2019-11-07,186.94,191.28,192.27,185.48,11490000
2019-11-08,184.03,186.95,188.35,181.83,11710000
2019-11-09,184.96,184.02,185.73,182.86,8310000
2019-11-10,188.99,184.96,191.28,183.55,10950000
2019-11-11,185.09,188.98,190.17,184.32,10260000
2019-11-12,186.99,185.09,187.44,183.24,9350000
2019-11-13,188.36,187.00,189.45,185.70,7770000
2019-11-14,185.25,188.36,188.91,183.96,9570000
2019-11-15,180.19,185.24,186.10,178.29,11860000
2019-11-16,182.42,180.19,183.46,179.53,7620000
2019-11-17,184.18,182.39,185.97,180.49,8570000
2019-11-18,178.50,184.19,184.33,176.08,9570000
2019-11-19,176.09,178.49,178.70,173.48,9110000
2019-11-20,174.96,176.09,177.42,173.99,8390000
2019-11-21,161.46,174.96,175.91,158.55,13360000
2019-11-22,149.80,161.46,163.06,139.13,21120000
2019-11-23,152.46,149.79,154.25,146.60,11840000
2019-11-24,140.66,152.46,153.24,139.79,11390000
2019-11-25,145.90,140.58,151.26,131.78,17980000
2019-11-26,147.61,145.88,149.81,144.04,10840000
2019-11-27,152.70,147.60,155.43,141.91,13340000
2019-11-28,151.07,152.71,154.68,149.71,9660000
2019-11-29,154.55,151.07,157.27,150.64,10490000
2019-11-30,151.95,154.57,155.19,150.45,8790000
2019-12-01,151.04,151.93,152.33,146.26,9910000
2019-12-02,148.89,151.06,151.63,147.49,9180000
2019-12-03,147.82,148.89,149.84,146.56,8730000
2019-12-04,145.79,147.81,151.02,143.95,12850000
2019-12-05,148.69,145.79,149.08,144.64,9990000
2019-12-06,148.89,148.70,149.36,147.01,8770000
2019-12-07,148.28,148.88,149.76,147.54,8110000
2019-12-08,151.17,148.25,152.22,147.09,9280000
2019-12-09,147.88,151.17,151.75,147.02,9670000
2019-12-10,145.86,147.88,148.48,144.49,11120000
2019-12-11,143.51,145.88,146.57,142.53,10930000
2019-12-12,145.03,143.51,145.82,140.00,12230000
2019-12-13,144.96,145.04,145.43,143.51,10950000
2019-12-14,142.03,144.95,145.17,141.40,11150000
2019-12-15,142.53,142.03,143.87,140.30,11310000
2019-12-16,132.78,142.55,142.75,131.00,17600000
2019-12-17,122.06,132.78,132.96,120.63,17040000
2019-12-18,132.92,122.06,133.93,117.14,20230000
2019-12-19,128.42,132.93,133.90,126.12,14220000
2019-12-20,128.70,128.42,129.66,126.31,12290000
2019-12-21,127.61,128.69,128.79,126.85,9640000
2019-12-22,132.19,127.61,133.04,127.09,13670000
2019-12-23,128.08,132.20,134.92,126.55,14730000
2019-12-24,128.05,128.07,129.77,127.07,11440000
2019-12-25,125.24,128.05,128.17,124.18,13230000
2019-12-26,125.93,125.24,132.12,124.53,15550000
2019-12-27,126.41,125.92,127.04,123.18,12250000
2019-12-28,128.35,126.40,129.73,125.98,12130000
2019-12-29,134.40,128.35,137.74,127.67,15690000
2019-12-30,131.83,134.40,136.16,130.91,12470000
2019-12-31,129.21,131.87,133.53,128.27,12890000
2020-01-01,130.75,129.21,132.97,128.81,10350000
2020-01-02,127.19,130.75,130.77,126.74,11450000
2020-01-03,134.27,127.19,134.86,126.05,15670000
2020-01-04,134.33,134.30,135.57,132.76,11160000
2020-01-05,135.59,134.32,138.33,134.32,12190000
2020-01-06,144.08,135.59,144.27,135.17,14360000
2020-01-07,143.04,144.09,145.13,139.22,13580000
2020-01-08,140.81,143.01,147.55,137.61,13710000
2020-01-09,137.92,140.80,141.60,135.85,11380000
2020-01-10,144.81,137.93,144.86,135.69,13370000
2020-01-11,142.67,144.81,147.68,142.23,12460000
2020-01-12,146.46,142.65,146.46,142.00,10010000
2020-01-13,143.60,146.50,146.87,142.64,10260000
2020-01-14,166.07,143.59,169.73,143.59,22850000
2020-01-15,166.45,166.07,166.45,159.74,16660000
2020-01-16,164.36,166.44,167.18,159.08,16240000
2020-01-17,170.22,164.39,173.96,162.33,18570000
2020-01-18,174.19,170.18,179.29,165.34,17420000
2020-01-19,166.92,174.17,177.77,162.04,15840000
2020-01-20,166.87,166.92,169.24,161.61,11300000
2020-01-21,169.41,166.87,169.79,165.53,11520000
2020-01-22,168.13,169.41,171.27,166.19,11300000
2020-01-23,162.80,168.15,168.25,159.78,14860000
2020-01-24,162.55,162.80,164.27,155.65,14880000
2020-01-25,160.44,162.56,162.72,157.87,9630000
2020-01-26,167.90,160.40,168.00,159.55,9820000
2020-01-27,170.27,167.91,171.97,165.45,12540000
2020-01-28,175.74,170.27,176.06,170.27,12630000
2020-01-29,173.86,175.78,178.41,173.76,11270000
2020-01-30,184.59,173.86,186.76,171.20,13020000
2020-01-31,179.91,184.60,185.67,175.46,11770000
2020-02-01,183.64,179.88,184.17,179.36,13240000
2020-02-02,188.50,183.58,193.25,179.49,14540000
2020-02-03,189.79,188.48,194.92,187.16,11950000
2020-02-04,188.93,189.80,191.48,188.93,11560000
2020-02-05,203.83,188.94,207.51,188.26,14670000
2020-02-06,213.16,203.84,216.14,201.29,16440000
2020-02-07,223.51,213.15,224.53,213.14,16730000
2020-02-08,223.23,223.47,227.55,213.75,15980000
2020-02-09,228.59,223.23,230.38,223.07,14280000
2020-02-10,222.95,228.61,229.28,217.02,16500000
2020-02-11,236.76,222.94,238.61,218.22,17390000
2020-02-12,265.58,236.75,274.89,236.73,23790000
2020-02-13,268.75,265.59,277.39,257.09,25050000
2020-02-14,285.25,268.71,286.34,260.78,19990000
2020-02-15,264.87,285.17,287.93,262.45,22260000
2020-02-16,259.99,264.87,273.81,237.89,24820000
2020-02-17,267.63,259.92,268.45,242.11,25610000
2020-02-18,282.26,267.71,285.59,259.30,24150000
2020-02-19,259.12,282.33,285.75,253.88,20760000
2020-02-20,257.39,259.07,264.22,246.46,22070000
2020-02-21,265.11,257.32,267.80,254.15,17460000
2020-02-22,261.64,265.14,266.71,256.97,13400000
2020-02-23,274.72,261.65,275.30,261.24,16040000
2020-02-24,265.65,274.72,276.81,258.15,19960000
2020-02-25,246.96,265.63,266.17,245.75,20310000
2020-02-26,224.30,246.97,250.05,216.39,29550000
2020-02-27,227.53,224.30,238.07,210.36,28830000
2020-02-28,226.93,227.60,234.55,214.47,24110000
2020-02-29,217.52,226.94,232.87,217.43,16340000
2020-03-01,217.99,217.51,227.44,213.00,17170000
2020-03-02,231.87,217.96,234.24,216.23,18120000
2020-03-03,223.94,231.90,232.37,220.34,18480000
2020-03-04,224.38,223.94,228.66,220.74,14650000
2020-03-05,228.45,224.36,233.96,224.34,17820000
2020-03-06,244.90,228.46,244.98,227.71,17740000
2020-03-07,237.32,244.87,251.55,236.87,16900000
2020-03-08,199.16,237.30,237.30,196.71,24760000
2020-03-09,202.85,199.21,208.23,190.73,30270000
2020-03-10,200.56,202.88,205.62,196.17,21870000
2020-03-11,194.58,200.61,202.96,182.15,21260000
2020-03-12,107.90,194.57,195.40,102.83,53510000
2020-03-13,133.99,107.87,138.86,88.50,60700000
2020-03-14,122.69,134.02,134.58,121.27,26830000
2020-03-15,124.35,122.67,132.13,120.93,26240000
2020-03-16,111.02,124.35,124.38,102.44,40250000
2020-03-17,116.06,111.06,120.60,109.67,27090000
2020-03-18,117.77,115.95,117.91,110.16,25800000
2020-03-19,135.43,117.76,141.05,115.59,33780000
2020-03-20,133.32,135.43,151.85,118.07,38740000
2020-03-21,132.58,133.32,137.33,126.01,27000000
2020-03-22,122.41,132.59,136.86,121.37,25250000
2020-03-23,136.02,122.46,136.93,120.20,28620000
2020-03-24,138.62,136.00,142.90,132.67,27100000
2020-03-25,136.07,138.59,141.88,133.06,24150000
2020-03-26,138.38,136.08,139.22,133.69,17710000
2020-03-27,131.74,138.38,140.99,131.09,18180000
2020-03-28,131.03,131.74,132.68,125.48,21030000
2020-03-29,125.24,131.02,131.74,124.84,16330000
2020-03-30,132.15,125.24,134.72,125.02,20710000
2020-03-31,132.86,132.15,135.14,130.54,17300000
2020-04-01,135.66,132.88,136.56,128.93,19450000
2020-04-02,141.30,135.65,148.91,135.26,29420000
2020-04-03,141.14,141.29,146.46,138.01,23340000
2020-04-04,144.01,141.13,145.71,139.36,19750000
2020-04-05,142.58,144.03,145.26,140.84,18170000
2020-04-06,171.06,142.58,171.24,142.55,37890000
2020-04-07,164.71,171.07,175.78,162.75,35790000
2020-04-08,173.00,164.71,174.23,163.73,24310000
2020-04-09,169.68,173.01,173.20,165.91,20660000
2020-04-10,157.86,169.67,170.10,152.52,28350000
2020-04-11,158.18,157.85,161.37,154.01,19070000
2020-04-12,158.73,158.18,164.75,155.17,22600000
2020-04-13,156.38,158.76,158.85,150.60,25300000
2020-04-14,158.45,156.36,161.57,155.52,21200000
2020-04-15,152.90,158.43,161.06,152.44,20700000
2020-04-16,172.31,152.90,174.28,148.91,32990000
2020-04-17,170.63,172.32,174.52,168.55,20050000
2020-04-18,187.45,170.63,189.22,170.61,24750000
2020-04-19,180.13,187.47,188.23,177.24,23270000
2020-04-20,170.40,180.12,186.24,167.51,33680000
2020-04-21,170.79,170.37,174.48,168.31,23630000
2020-04-22,182.72,170.79,183.71,169.93,23810000
2020-04-23,185.46,182.72,192.40,178.54,28730000
2020-04-24,187.58,185.48,189.33,185.19,19840000
2020-04-25,194.01,187.57,197.35,186.03,21870000
2020-04-26,197.35,194.01,199.30,192.52,23130000
2020-04-27,196.14,197.35,198.80,190.87,23330000
2020-04-28,196.55,196.13,197.51,192.47,21810000
2020-04-29,215.40,196.55,218.32,196.45,32870000
2020-04-30,206.22,215.42,227.05,202.59,35460000
2020-05-01,212.00,206.23,216.99,206.06,23080000
2020-05-02,213.96,212.00,215.15,210.51,18310000
2020-05-03,209.83,213.96,218.74,205.50,23120000
2020-05-04,206.61,209.85,210.63,195.25,27210000
2020-05-05,205.36,206.59,211.33,201.75,21050000
2020-05-06,199.04,205.36,210.62,198.79,24030000
2020-05-07,212.00,199.05,214.00,197.36,26710000
2020-05-08,211.45,212.00,216.44,207.25,23080000
2020-05-09,210.22,211.47,214.50,208.83,20900000
2020-05-10,187.78,210.19,210.19,180.70,35980000
2020-05-11,185.96,187.77,193.26,177.43,26740000
2020-05-12,189.84,185.82,192.04,185.68,15580000
2020-05-13,199.58,189.82,200.82,188.59,17470000
2020-05-14,203.30,199.58,205.82,196.21,20750000
2020-05-15,194.85,203.29,204.02,192.61,16620000
2020-05-16,200.51,194.85,203.12,193.48,15520000
2020-05-17,207.00,200.51,209.79,199.77,15780000
2020-05-18,214.87,207.00,217.00,207.00,17730000
2020-05-19,214.51,214.88,215.75,209.79,13960000
2020-05-20,209.99,214.52,215.28,207.03,12190000
2020-05-21,198.75,210.00,211.58,192.11,14360000
2020-05-22,207.35,198.75,209.04,196.68,12130000
2020-05-23,206.62,207.35,211.03,204.97,9910000
2020-05-24,199.97,206.65,210.40,199.97,11890000
2020-05-25,204.13,199.99,205.52,198.57,10630000
2020-05-26,201.00,204.13,204.90,197.30,10440000
2020-05-27,208.18,200.99,208.18,200.85,10280000
2020-05-28,220.18,208.20,220.33,204.79,12510000
2020-05-29,220.66,220.14,224.52,217.84,12360000
2020-05-30,243.63,220.66,246.55,218.86,14340000
2020-05-31,231.81,243.63,245.33,230.31,12430000
2020-06-01,247.97,231.80,249.81,230.85,11970000
2020-06-02,237.94,248.01,253.21,227.95,12690000
2020-06-03,244.52,237.90,244.76,233.84,8150000
2020-06-04,243.37,244.53,246.41,236.68,8750000
2020-06-05,240.23,243.37,247.50,239.70,7750000
2020-06-06,242.00,240.27,244.43,238.38,6620000
2020-06-07,244.56,242.00,244.94,235.44,8100000
2020-06-08,246.18,244.56,247.11,241.30,6550000
2020-06-09,243.82,246.19,249.45,240.18,6860000
2020-06-10,247.78,243.82,249.51,242.54,7630000
2020-06-11,230.71,247.79,249.77,227.01,12400000
2020-06-12,237.54,230.72,239.23,228.62,7340000
2020-06-13,238.22,237.55,238.61,234.86,5270000
2020-06-14,232.02,238.23,238.48,230.52,5780000
2020-06-15,230.93,231.99,233.34,219.06,10180000
2020-06-16,235.36,230.92,235.95,228.99,7030000
2020-06-17,233.88,235.37,236.55,228.63,5940000
2020-06-18,231.34,233.85,234.69,228.13,4960000
2020-06-19,229.11,231.34,231.94,226.97,5560000
2020-06-20,228.86,229.11,230.96,226.28,4540000
2020-06-21,228.13,228.87,231.18,227.38,4100000
2020-06-22,243.25,228.11,246.39,227.69,7930000
2020-06-23,243.20,243.24,244.77,240.94,5160000
2020-06-24,234.75,243.20,249.23,231.56,9130000
2020-06-25,232.56,234.75,235.29,227.99,6480000
2020-06-26,229.67,232.57,233.50,228.16,6960000
2020-06-27,221.06,229.72,231.30,217.11,7210000
2020-06-28,225.09,221.07,227.74,218.46,5910000
2020-06-29,227.87,225.09,229.83,221.60,6800000
2020-06-30,225.63,227.88,228.57,223.23,5600000
2020-07-01,230.95,225.61,232.47,224.33,6310000
2020-07-02,226.42,230.96,232.04,223.53,7280000
2020-07-03,225.12,226.42,228.14,224.77,5200000
2020-07-04,229.15,225.09,230.40,224.80,5450000
2020-07-05,227.98,229.09,229.80,223.79,5410000
2020-07-06,241.56,227.95,241.64,227.10,9450000
2020-07-07,239.25,241.56,243.43,234.92,6260000
2020-07-08,246.99,239.26,248.76,238.00,12980000
2020-07-09,242.02,246.93,247.63,238.28,9020000
2020-07-10,241.26,242.01,242.17,236.19,6840000
2020-07-11,239.20,241.21,241.64,237.76,6420000
2020-07-12,242.75,239.20,243.79,236.91,6810000
2020-07-13,239.73,242.84,245.04,237.71,8320000
2020-07-14,240.50,239.75,242.08,237.21,7070000
2020-07-15,238.62,240.49,241.36,237.04,7350000
2020-07-16,233.65,238.62,239.47,230.44,6630000
2020-07-17,232.75,233.65,234.53,231.84,5880000
2020-07-18,235.75,232.77,236.83,232.40,5790000
2020-07-19,239.01,235.72,239.70,233.35,6610000
2020-07-20,236.10,239.03,239.71,234.51,5360000
2020-07-21,245.53,236.10,246.49,235.67,6290000
2020-07-22,263.28,245.54,266.42,241.89,6680000
2020-07-23,275.34,263.29,279.53,260.70,8790000
2020-07-24,279.33,275.33,287.01,268.54,7170000
2020-07-25,305.32,279.33,308.57,279.33,8590000
2020-07-26,311.13,305.32,318.54,300.33,9190000
2020-07-27,321.80,311.12,332.57,311.04,13730000
2020-07-28,316.96,321.82,326.53,306.40,9910000
2020-07-29,317.82,316.95,324.93,312.64,8720000
2020-07-30,334.87,317.79,341.11,314.83,9070000
2020-07-31,346.51,334.84,349.34,329.02,8690000
2020-08-01,387.14,346.48,392.37,343.33,11030000
2020-08-02,372.08,387.15,415.08,335.76,16380000
2020-08-03,385.80,372.26,397.73,368.46,9920000
2020-08-04,389.62,385.86,402.01,381.30,9840000
2020-08-05,400.79,389.62,406.92,384.84,8740000
2020-08-06,394.83,400.80,403.18,391.67,7920000
2020-08-07,379.57,394.80,398.14,366.44,8340000
2020-08-08,396.76,379.57,396.77,376.38,4940000
2020-08-09,390.23,396.78,399.93,384.31,4970000
2020-08-10,395.53,390.22,399.05,386.45,8010000
2020-08-11,379.01,395.52,398.13,367.38,9440000
2020-08-12,387.12,379.03,389.21,367.05,8590000
2020-08-13,424.31,387.15,430.33,377.57,12040000
2020-08-14,438.03,424.28,443.74,418.37,8670000
2020-08-15,432.18,438.04,442.70,428.75,7270000
2020-08-16,433.63,432.22,436.58,413.22,7020000
2020-08-17,430.56,433.62,444.86,420.71,7830000
2020-08-18,422.16,430.63,433.65,415.45,8180000
2020-08-19,407.44,422.10,426.65,394.51,8440000
2020-08-20,416.05,407.39,418.92,402.80,6230000
2020-08-21,387.99,416.05,418.72,385.21,7620000
2020-08-22,395.56,388.06,396.87,379.96,6730000
2020-08-23,390.50,395.56,396.96,383.42,5360000
2020-08-24,407.70,390.81,410.17,387.62,6690000
2020-08-25,383.20,407.64,409.02,370.40,8280000
2020-08-26,385.96,383.16,392.61,377.63,6690000
2020-08-27,383.11,385.96,396.48,372.53,7030000
2020-08-28,395.11,383.16,397.64,379.80,6160000
2020-08-29,398.80,395.32,405.53,391.97,5230000
2020-08-30,428.86,398.80,429.59,398.47,6670000
2020-08-31,433.90,428.81,438.71,418.35,7890000
2020-09-01,475.80,433.89,488.24,429.65,10420000
2020-09-02,439.08,475.72,480.96,423.26,30140000
2020-09-03,381.97,439.14,466.40,376.99,33590000
2020-09-04,385.94,381.97,399.58,368.22,25200000
2020-09-05,334.91,385.94,394.12,314.13,35320000
2020-09-06,353.49,334.91,358.09,316.69,20130000
2020-09-07,352.06,353.49,357.33,325.47,21690000
2020-09-08,337.46,352.06,355.69,326.66,18980000
2020-09-09,351.10,337.46,358.33,331.12,14070000
2020-09-10,367.92,351.10,376.92,350.86,16500000
2020-09-11,373.72,367.89,374.41,356.38,12530000
2020-09-12,387.98,373.74,388.12,366.05,11490000
2020-09-13,365.71,388.06,389.51,353.85,10380000
2020-09-14,376.70,365.89,383.99,357.54,10340000
2020-09-15,364.01,376.70,381.67,362.40,9060000
2020-09-16,364.88,363.91,372.88,355.18,9060000
2020-09-17,388.97,364.75,393.96,363.54,12850000
2020-09-18,384.20,389.37,392.21,375.81,8950000
2020-09-19,385.25,384.25,386.99,377.63,6740000
2020-09-20,371.12,385.33,385.39,365.48,7300000
2020-09-21,341.30,371.09,375.34,331.41,11410000
2020-09-22,344.03,341.32,346.19,336.15,9290000
2020-09-23,319.95,343.96,344.12,315.54,13880000
2020-09-24,349.17,319.97,352.60,317.27,9400000
2020-09-25,351.63,349.13,357.80,338.01,8470000
2020-09-26,354.25,351.62,355.87,346.95,6480000
2020-09-27,357.23,354.26,362.00,347.51,6350000
2020-09-28,354.08,357.42,367.63,352.57,7770000
2020-09-29,359.86,353.97,360.66,351.48,6260000
2020-09-30,359.39,359.77,360.94,352.81,5430000
2020-10-01,353.07,359.50,369.10,345.66,7930000
2020-10-02,345.68,353.06,353.61,335.91,7270000
2020-10-03,345.60,345.78,351.04,343.74,4480000
2020-10-04,352.73,345.60,353.97,344.03,4770000
2020-10-05,353.28,352.69,354.86,348.76,4960000
2020-10-06,340.61,353.53,354.90,337.21,7320000
2020-10-07,341.48,340.59,342.68,334.11,5770000
2020-10-08,350.83,341.66,352.95,334.79,6850000
2020-10-09,365.28,350.71,368.19,347.82,7850000
2020-10-10,370.16,365.25,377.97,364.57,7170000
2020-10-11,374.19,370.28,377.27,369.23,5220000
2020-10-12,386.68,374.39,394.58,366.05,10390000
2020-10-13,381.23,386.64,387.06,374.57,7920000
2020-10-14,379.15,381.13,387.11,373.62,8080000
2020-10-15,377.45,378.96,380.77,370.39,7930000
2020-10-16,365.17,377.60,379.60,362.65,7590000
2020-10-17,368.63,365.08,369.94,363.18,4980000
2020-10-18,377.81,368.61,378.49,367.54,4680000
2020-10-19,379.19,377.85,383.97,372.72,6850000
2020-10-20,368.35,379.03,380.14,367.16,7460000
2020-10-21,391.20,368.53,400.36,368.06,13610000
2020-10-22,414.05,391.39,420.12,391.21,12650000
2020-10-23,408.52,414.12,419.11,402.91,8180000
2020-10-24,411.92,408.59,416.28,407.74,2680000
2020-10-25,406.09,412.44,417.07,403.95,3050000
2020-10-26,394.11,406.45,410.41,383.21,9060000
2020-10-27,403.15,393.93,409.85,390.92,6290000
2020-10-28,388.14,403.11,408.10,381.51,9960000
2020-10-29,386.76,388.25,393.33,381.53,3040000
2020-10-30,382.41,387.16,391.98,374.36,2810000
2020-10-31,386.42,382.81,394.01,380.53,6420000
2020-11-01,396.29,386.36,397.32,384.94,5520000
2020-11-02,383.53,396.45,404.04,379.13,9430000
2020-11-03,387.92,383.64,389.98,370.96,6730000
2020-11-04,402.19,388.23,407.90,377.22,6170000
2020-11-05,416.63,402.50,419.94,396.46,7040000
2020-11-06,455.72,416.59,457.79,415.08,6530000
2020-11-07,435.40,455.78,467.88,425.57,7780000
2020-11-08,454.68,435.39,460.09,432.44,4820000
2020-11-09,444.33,454.55,458.51,434.95,28850000
2020-11-10,450.22,444.38,454.43,439.50,20760000
2020-11-11,463.33,450.26,476.08,449.51,15130000
2020-11-12,462.56,463.33,469.57,452.44,9330000
2020-11-13,476.29,462.61,477.78,457.65,9850000
2020-11-14,460.70,476.38,477.34,452.60,9170000
2020-11-15,448.23,460.75,462.93,440.44,9340000
2020-11-16,460.43,448.18,465.97,445.82,5620000
2020-11-17,481.95,460.37,484.59,459.74,7930000
2020-11-18,478.52,482.05,495.04,459.92,18190000
2020-11-19,471.21,478.55,480.55,465.41,12530000
2020-11-20,509.98,471.27,513.06,471.06,30850000
2020-11-21,551.91,509.94,552.13,505.14,26860000
2020-11-22,559.40,551.90,580.00,514.44,36760000
2020-11-23,609.22,559.37,610.33,551.80,49680000
2020-11-24,605.03,609.20,621.70,589.56,41110000
2020-11-25,569.67,605.01,605.63,555.32,14500000
2020-11-26,519.32,569.69,577.08,484.03,13110000
2020-11-27,518.11,519.69,530.41,494.65,6420000
2020-11-28,537.74,518.70,547.94,506.97,5340000
2020-11-29,575.45,537.89,576.52,530.71,5790000
2020-11-30,615.92,575.35,615.97,571.04,51720000
2020-12-01,585.66,616.78,635.66,567.79,49420000
2020-12-02,598.05,585.69,604.34,575.24,16210000
2020-12-03,616.32,597.94,622.10,587.15,24000000
2020-12-04,567.91,616.33,619.61,566.34,48950000
2020-12-05,596.68,567.84,596.73,561.24,30830000
2020-12-06,601.68,596.61,606.90,583.67,13140000
2020-12-07,591.09,601.54,603.06,584.53,7720000
2020-12-08,555.05,591.03,594.78,551.08,8110000
2020-12-09,573.21,554.95,577.94,530.88,9100000
2020-12-10,558.13,573.28,575.56,548.99,19600000
2020-12-11,544.17,558.15,560.28,536.43,30170000
2020-12-12,567.78,544.16,573.59,543.90,1620000
2020-12-13,591.09,568.07,594.83,563.37,2030000
2020-12-14,586.19,590.66,591.41,576.01,1780000
2020-12-15,588.91,586.22,596.97,579.95,1740000
2020-12-16,637.38,588.81,638.18,580.90,3110000
2020-12-17,643.17,637.29,675.68,627.36,3670000
2020-12-18,653.85,643.28,664.26,630.44,2630000
2020-12-19,658.17,654.08,669.54,645.91,2170000
2020-12-20,638.26,657.79,661.04,622.39,2110000
2020-12-21,607.85,638.28,647.87,599.97,1880000
2020-12-22,637.47,607.86,637.47,588.24,2120000
2020-12-23,585.69,637.04,638.11,554.09,2200000
2020-12-24,612.34,585.47,614.92,566.15,1720000
2020-12-25,626.93,612.38,633.90,605.01,1700000
2020-12-26,636.58,626.99,652.36,616.04,1940000
2020-12-27,683.71,636.35,715.46,627.12,2310000
2020-12-28,730.05,683.76,747.86,682.47,2750000
2020-12-29,731.76,730.26,739.77,690.24,1820000
2020-12-30,751.80,732.04,757.11,720.21,1860000
2020-12-31,735.94,751.92,755.13,724.67,1040000
2021-01-01,729.12,735.87,748.96,715.74,1640000
2021-01-02,774.50,729.00,787.26,715.15,2250000
2021-01-03,974.97,774.54,1008.49,769.57,4020000
2021-01-04,1042.40,977.76,1158.27,894.24,5190000
2021-01-05,1099.52,1042.48,1131.56,976.91,3250000
2021-01-06,1207.77,1099.77,1210.78,1060.67,3750000
2021-01-07,1224.35,1208.71,1286.81,1153.09,2710000
2021-01-08,1215.73,1224.33,1271.08,1069.25,2710000
2021-01-09,1275.58,1215.92,1301.75,1172.39,1990000
2021-01-10,1256.04,1275.87,1347.98,1180.45,2650000
2021-01-11,1091.47,1255.84,1257.30,917.96,4190000
2021-01-12,1050.19,1086.96,1149.19,1008.28,3090000
2021-01-13,1128.46,1050.20,1134.66,990.96,2250000
2021-01-14,1226.17,1128.80,1246.52,1088.52,1550000
2021-01-15,1171.68,1233.34,1256.13,1079.19,2850000
2021-01-16,1228.27,1172.12,1290.92,1154.04,2290000
2021-01-17,1232.64,1228.33,1269.01,1168.39,2150000
2021-01-18,1258.06,1233.93,1260.30,1184.15,1730000
2021-01-19,1372.00,1258.10,1437.42,1252.36,2270000
2021-01-20,1377.53,1372.00,1406.56,1237.27,3050000
2021-01-21,1117.33,1377.63,1387.39,1095.26,2760000
2021-01-22,1234.58,1118.01,1272.85,1045.02,2940000
2021-01-23,1233.40,1234.34,1271.65,1196.94,1460000
2021-01-24,1390.28,1233.41,1398.00,1222.14,2300000
2021-01-25,1317.90,1390.69,1474.68,1298.13,2770000
2021-01-26,1366.27,1317.67,1377.94,1246.45,2560000
2021-01-27,1247.62,1366.14,1372.31,1210.40,2900000
2021-01-28,1328.47,1247.67,1359.51,1221.15,814310
2021-01-29,1379.30,1329.16,1436.27,1288.26,3330000
2021-01-30,1376.96,1379.78,1405.78,1327.66,1590000
2021-01-31,1312.73,1377.05,1380.04,1282.41,1540000
2021-02-01,1373.40,1312.69,1376.44,1272.09,1650000
2021-02-02,1511.36,1373.31,1546.88,1361.63,2730000
2021-02-03,1664.34,1511.96,1667.93,1510.27,2270000
2021-02-04,1594.00,1664.19,1693.64,1570.45,2340000
2021-02-05,1719.20,1593.91,1760.09,1589.28,1800000
2021-02-06,1676.63,1719.11,1742.90,1648.03,1780000
2021-02-07,1612.99,1676.62,1692.29,1491.68,1940000
2021-02-08,1750.18,1612.98,1775.12,1566.43,2170000
2021-02-09,1770.63,1750.19,1818.94,1711.40,1940000
2021-02-10,1742.09,1770.81,1835.40,1683.52,2010000
2021-02-11,1786.35,1742.11,1817.68,1704.97,1560000
2021-02-12,1841.02,1786.74,1862.17,1741.04,1750000
2021-02-13,1815.49,1840.90,1871.36,1766.05,1440000
2021-02-14,1801.78,1815.44,1850.00,1787.11,1430000
2021-02-15,1778.82,1800.60,1835.51,1661.09,1940000
2021-02-16,1781.69,1778.63,1827.07,1726.78,1480000
2021-02-17,1847.95,1781.44,1854.03,1734.15,1690000
2021-02-18,1934.16,1849.95,1950.04,1849.05,881870
2021-02-19,1955.59,1934.17,1968.93,1892.70,1780000
2021-02-20,1913.88,1955.54,2040.79,1800.00,2290000
2021-02-21,1933.45,1912.97,1974.99,1885.70,1470000
2021-02-22,1777.28,1933.52,1935.04,1561.68,2680000
2021-02-23,1578.11,1777.25,1781.44,1370.45,3600000
2021-02-24,1623.71,1578.27,1711.16,1505.79,2190000
2021-02-25,1476.15,1623.76,1669.24,1460.92,1750000
2021-02-26,1445.44,1476.77,1561.66,1403.30,2130000
2021-02-27,1458.93,1445.69,1527.69,1427.15,1560000
2021-02-28,1418.76,1458.84,1467.76,1294.79,2070000
2021-03-01,1570.03,1418.91,1571.15,1411.55,1920000
2021-03-02,1488.62,1570.00,1602.13,1457.22,1740000
2021-03-03,1571.05,1488.80,1653.04,1477.72,1170000
2021-03-04,1538.61,1567.84,1623.73,1506.86,1700000
2021-03-05,1530.29,1539.73,1548.71,1443.32,1670000
2021-03-06,1649.19,1530.24,1670.01,1514.62,2070000
2021-03-07,1728.10,1650.94,1732.84,1634.73,1690000
2021-03-08,1831.49,1727.17,1841.05,1665.54,1970000
2021-03-09,1869.10,1831.57,1869.10,1801.29,1580000
2021-03-10,1794.14,1869.32,1875.98,1759.50,1660000
2021-03-11,1825.79,1794.28,1845.32,1729.05,1580000
2021-03-12,1766.90,1827.44,1841.19,1723.18,1520000
2021-03-13,1921.13,1767.05,1943.36,1730.46,1790000
2021-03-14,1849.06,1921.29,1932.36,1836.78,671560
2021-03-15,1792.38,1848.18,1890.59,1745.04,1700000
2021-03-16,1804.85,1792.08,1817.35,1715.97,1810000
2021-03-17,1823.35,1804.56,1837.88,1743.62,1500000
2021-03-18,1776.08,1823.72,1849.23,1760.83,1530000
2021-03-19,1809.64,1775.87,1848.88,1735.42,1200000
2021-03-20,1804.60,1809.09,1868.09,1801.60,27030
2021-03-21,1783.72,1804.60,1815.85,1748.47,1430000
2021-03-22,1682.37,1783.58,1806.62,1659.28,1580000
2021-03-23,1667.90,1681.50,1720.01,1654.14,1460000
2021-03-24,1582.38,1668.42,1739.82,1546.48,1880000
2021-03-25,1586.54,1582.23,1621.32,1550.11,1540000
2021-03-26,1698.60,1586.36,1699.27,1586.28,1640000
2021-03-27,1713.01,1698.68,1731.73,1667.12,1400000
2021-03-28,1686.80,1712.89,1724.74,1661.92,1310000
2021-03-29,1816.69,1686.88,1839.41,1678.38,1940000
2021-03-30,1841.01,1816.92,1857.65,1788.60,3030000
2021-03-31,1917.99,1841.01,1945.40,1774.66,2590000
2021-04-01,1967.96,1918.82,1983.84,1897.38,2080000
2021-04-02,2134.55,1968.12,2144.11,1949.99,2470000
2021-04-03,2008.59,2134.66,2137.68,2004.40,2010000
2021-04-04,2075.94,2007.82,2091.31,1982.00,1590000
2021-04-05,2106.41,2076.14,2127.89,2004.05,2310000
2021-04-06,2111.53,2108.81,2150.78,2047.48,1930000
2021-04-07,1961.46,2112.41,2128.25,1939.64,2300000
2021-04-08,2079.92,1962.44,2084.08,1951.83,1730000
2021-04-09,2066.93,2080.20,2101.07,2050.39,2470000
2021-04-10,2133.79,2067.26,2197.73,2058.23,2090000
2021-04-11,2151.42,2133.89,2164.76,2114.55,1970000
2021-04-12,2137.81,2150.79,2199.52,2103.73,2160000
2021-04-13,2299.93,2137.55,2315.47,2136.49,2380000
2021-04-14,2431.56,2299.25,2445.40,2281.49,2110000
2021-04-15,2514.22,2432.90,2541.90,2402.75,1910000
2021-04-16,2423.18,2514.55,2544.54,2302.30,2080000
2021-04-17,2318.33,2424.12,2493.93,2314.12,1730000
2021-04-18,2237.17,2317.88,2338.53,1948.93,2760000
2021-04-19,2160.63,2236.10,2275.87,2081.30,1900000
2021-04-20,2332.14,2161.06,2345.18,2058.00,1860000
2021-04-21,2360.81,2331.84,2467.51,2238.15,2100000
2021-04-22,2401.10,2360.32,2642.99,2313.46,3170000
2021-04-23,2367.31,2398.95,2440.21,2119.26,3460000
2021-04-24,2215.93,2367.35,2367.46,2159.60,1610000
2021-04-25,2316.48,2217.23,2355.20,2169.91,1020000
2021-04-26,2533.12,2320.63,2539.80,2305.97,1790000
2021-04-27,2665.24,2531.07,2677.95,2484.44,1450000
2021-04-28,2746.54,2665.83,2759.03,2562.74,1740000
2021-04-29,2757.36,2746.51,2797.52,2670.35,1650000
2021-04-30,2772.78,2757.02,2797.61,2726.03,1520000
2021-05-01,2944.66,2772.27,2951.74,2753.60,1510000
2021-05-02,2950.33,2945.04,2984.52,2854.12,1300000
2021-05-03,3429.37,2950.07,3451.44,2950.07,2320000
2021-05-04,3286.71,3429.48,3516.34,3188.90,2740000
2021-05-05,3522.76,3284.31,3540.78,3228.86,1870000
2021-05-06,3489.52,3522.74,3601.59,3380.60,1510000
2021-05-07,3481.22,3490.83,3583.34,3363.56,1350000
2021-05-08,3905.55,3479.81,3952.88,3453.37,1340000
2021-05-09,3922.23,3905.69,3979.77,3734.44,1940000
2021-05-10,3947.90,3923.48,4203.98,3669.84,2700000
2021-05-11,4167.78,3948.66,4177.53,3781.86,1270000
2021-05-12,3811.77,4173.61,4366.10,3794.15,2780000
2021-05-13,3719.62,3807.50,4031.99,3539.96,3210000
2021-05-14,4075.38,3719.46,4171.76,3694.54,2060000
2021-05-15,3641.65,4074.57,4129.99,3639.12,1940000
2021-05-16,3582.12,3643.67,3877.20,3351.92,2280000
2021-05-17,3279.68,3582.19,3582.27,3130.12,2850000
2021-05-18,3377.55,3280.50,3558.57,3244.93,2300000
2021-05-19,2435.69,3376.22,3434.01,1922.25,6420000
2021-05-20,2777.55,2436.59,2988.52,2163.40,4330000
2021-05-21,2433.11,2766.88,2931.66,2111.42,4230000
2021-05-22,2291.60,2433.09,2481.06,2162.84,2820000
2021-05-23,2101.34,2292.68,2379.89,1739.91,3520000
2021-05-24,2646.79,2101.30,2667.20,2080.87,3240000
2021-05-25,2705.09,2647.27,2747.49,2388.81,3280000
2021-05-26,2884.66,2705.69,2908.37,2648.10,2660000
2021-05-27,2735.88,2885.02,2885.87,2638.62,2390000
2021-05-28,2414.29,2742.39,2760.17,2332.43,3260000
2021-05-29,2276.07,2411.68,2567.42,2207.21,2940000
2021-05-30,2386.10,2276.97,2465.84,2181.93,2800000
2021-05-31,2708.47,2386.93,2713.98,2279.42,2830000
2021-06-01,2633.67,2707.94,2738.23,2529.73,2450000
2021-06-02,2706.10,2633.74,2801.00,2554.88,2600000
2021-06-03,2853.35,2705.05,2889.19,2666.39,1090000
2021-06-04,2686.50,2856.63,2856.63,2557.71,2470000
2021-06-05,2628.98,2688.75,2814.02,2555.98,2550000
2021-06-06,2713.66,2628.43,2743.53,2614.48,756360
2021-06-07,2592.63,2713.52,2842.88,2581.24,3010000
2021-06-08,2510.65,2592.12,2618.70,2320.64,75180
2021-06-09,2606.23,2507.86,2620.74,2408.37,2320000
2021-06-10,2469.97,2607.45,2615.46,2432.41,1290000
2021-06-11,2351.45,2470.04,2493.48,2324.21,587180
2021-06-12,2368.47,2351.45,2448.04,2260.80,1800000
2021-06-13,2508.27,2368.68,2547.90,2311.96,1620000
2021-06-14,2581.48,2508.49,2606.91,2467.61,1790000
2021-06-15,2543.83,2581.42,2637.90,2512.39,1950000
2021-06-16,2367.28,2544.35,2552.12,2353.24,1370000
2021-06-17,2371.62,2367.78,2459.11,2309.08,1060000
2021-06-18,2229.53,2372.10,2376.62,2142.74,778790
2021-06-19,2166.91,2229.53,2276.70,2164.14,1080000
2021-06-20,2243.86,2166.30,2276.83,2045.03,1420000
2021-06-21,1891.18,2244.25,2257.86,1868.32,2690000
2021-06-22,1876.66,1890.95,1994.32,1707.24,2840000
2021-06-23,1968.39,1877.28,2043.10,1823.57,1770000
2021-06-24,1989.14,1968.76,2033.96,1886.74,1640000
2021-06-25,1810.57,1989.77,2017.47,1793.47,1650000
2021-06-26,1830.62,1810.53,1850.40,1719.32,1990000
2021-06-27,1979.88,1830.42,1980.70,1808.59,1870000
2021-06-28,2083.09,1981.24,2142.84,1962.89,2190000
2021-06-29,2158.71,2083.48,2241.86,2076.17,898060
2021-06-30,2273.84,2158.32,2281.55,2090.61,1900000
2021-07-01,2109.11,2274.50,2274.63,2077.56,1710000
2021-07-02,2154.78,2108.58,2158.70,2019.75,1390000
2021-07-03,2224.70,2154.53,2236.97,2115.80,1280000
2021-07-04,2323.22,2224.70,2386.20,2222.95,1390000
2021-07-05,2196.16,2322.60,2322.60,2163.09,822950
2021-07-06,2322.72,2196.25,2347.47,2194.20,1780000
2021-07-07,2316.57,2322.74,2402.68,2296.43,1320000
2021-07-08,2120.22,2316.21,2322.47,2095.92,1820000
2021-07-09,2145.89,2120.05,2185.62,2066.09,1420000
2021-07-10,2111.12,2146.15,2191.30,2078.43,929320
2021-07-11,2139.35,2110.90,2173.34,2081.62,724840
2021-07-12,2035.09,2139.44,2167.60,2008.66,540100
2021-07-13,1940.72,2035.09,2042.61,1920.62,717850
2021-07-14,1994.64,1940.48,2017.99,1868.45,1050000
2021-07-15,1917.21,1994.73,2038.91,1884.81,645060
2021-07-16,1878.20,1917.21,1960.21,1852.42,619620
2021-07-17,1897.98,1877.00,1917.80,1851.97,623520
2021-07-18,1892.42,1898.01,1988.24,1881.60,829770
2021-07-19,1818.07,1891.43,1915.15,1807.19,802780
2021-07-20,1786.07,1818.07,1840.36,1720.70,1200000
2021-07-21,1994.49,1786.18,2029.51,1758.64,1510000
2021-07-22,2024.58,1994.61,2043.26,1952.31,1020000
2021-07-23,2123.61,2024.51,2129.66,2000.27,961670
2021-07-24,2151.85,2124.00,2162.29,2106.71,907110
2021-07-25,2189.79,2166.98,2195.03,2108.74,786940
2021-07-26,2229.53,2189.74,2430.01,2174.44,1890000
2021-07-27,2300.22,2230.24,2318.68,2152.92,1250000
2021-07-28,2299.11,2300.21,2343.49,2246.23,968940
2021-07-29,2380.93,2299.46,2397.71,2269.15,642750
2021-07-30,2460.95,2380.59,2467.40,2320.80,1030000
2021-07-31,2532.19,2461.08,2551.68,2421.70,507080
2021-08-01,2556.23,2530.94,2696.38,2515.26,1200000
2021-08-02,2608.04,2556.07,2664.73,2513.51,970670
2021-08-03,2506.65,2608.01,2631.43,2445.49,158450
2021-08-04,2725.29,2506.50,2766.46,2462.32,1230000
2021-08-05,2827.21,2725.28,2842.95,2533.51,1650000
2021-08-06,2889.43,2827.23,2946.62,2726.04,1060000
2021-08-07,3158.00,2889.58,3169.74,2867.58,64840
2021-08-08,3012.07,3158.30,3188.49,2949.66,1250000
2021-08-09,3162.93,3011.88,3184.84,2899.24,1440000
2021-08-10,3140.71,3162.81,3232.02,3057.84,1120000
2021-08-11,3163.66,3140.86,3269.70,3122.67,950120
2021-08-12,3043.61,3160.17,3236.28,2981.35,965630
2021-08-13,3322.43,3043.20,3324.53,3035.52,795540
2021-08-14,3264.69,3322.25,3328.38,3209.45,658600
2021-08-15,3308.87,3264.56,3318.61,3115.34,782810
2021-08-16,3147.65,3307.96,3334.22,3138.37,859090
2021-08-17,3014.58,3147.67,3290.03,2993.63,1060000
2021-08-18,3016.91,3012.62,3124.51,2951.04,750740
2021-08-19,3184.82,3016.92,3185.51,2962.04,844130
2021-08-20,3284.21,3184.83,3300.36,3179.18,739320
2021-08-21,3223.96,3285.12,3307.33,3200.19,768740
2021-08-22,3238.70,3224.17,3271.94,3128.98,747650
2021-08-23,3319.49,3238.41,3375.42,3231.96,1090000
2021-08-24,3173.26,3322.60,3357.99,3150.75,988820
2021-08-25,3228.15,3172.12,3247.43,3080.70,923130
2021-08-26,3093.54,3228.03,3249.62,3057.48,118440
2021-08-27,3273.58,3093.78,3279.93,3063.37,839540
2021-08-28,3243.90,3273.78,3284.58,3212.24,466210
2021-08-29,3222.16,3243.96,3282.21,3155.31,643730
2021-08-30,3225.67,3222.43,3345.72,3145.53,966580
2021-08-31,3430.74,3228.23,3467.42,3191.34,1520000
2021-09-01,3832.73,3429.65,3839.91,3384.82,1480000
2021-09-02,3786.19,3826.90,3833.89,3723.42,928700
2021-09-03,3936.29,3785.85,4024.89,3715.97,1200000
2021-09-04,3884.97,3938.45,3968.33,3844.07,672530
2021-09-05,3950.62,3885.40,3981.22,3834.74,714160
2021-09-06,3927.21,3950.20,3968.20,3867.55,764560
2021-09-07,3423.12,3926.84,3945.79,3061.30,2470000
2021-09-08,3495.10,3424.35,3557.67,3221.60,780680
2021-09-09,3423.51,3498.92,3564.30,3395.94,1090000
2021-09-10,3207.27,3423.87,3512.90,3156.28,1210000
2021-09-11,3267.33,3209.37,3345.37,3202.41,732950
2021-09-12,3408.28,3267.33,3469.50,3231.87,805970
2021-09-13,3284.52,3408.17,3429.24,3118.66,1340000
2021-09-14,3428.87,3284.65,3428.87,3270.91,720340
2021-09-15,3611.90,3430.36,3612.29,3361.63,790270
2021-09-16,3569.43,3612.23,3672.68,3488.53,195790
2021-09-17,3398.65,3569.92,3592.20,3352.32,748100
2021-09-18,3435.97,3398.55,3539.50,3371.33,600190
2021-09-19,3329.12,3435.92,3455.67,3282.85,614000
2021-09-20,2976.05,3328.49,3344.04,2931.64,1720000
2021-09-21,2761.52,2976.70,3101.88,2659.71,1790000
2021-09-22,3077.78,2764.71,3087.97,2740.58,1190000
2021-09-23,3152.92,3077.80,3173.00,3035.96,841540
2021-09-24,2928.57,3152.92,3158.38,2740.06,1740000
2021-09-25,2922.55,2928.59,2965.48,2812.70,975490
2021-09-26,3063.51,2922.47,3113.65,2740.12,1330000
2021-09-27,2926.24,3061.86,3163.86,2926.24,865300
2021-09-28,2807.28,2926.04,2969.18,2791.42,896280
2021-09-29,2851.50,2807.15,2948.50,2784.66,728860
2021-09-30,3000.59,2851.06,3047.08,2837.68,968230
2021-10-01,3309.13,2999.86,3329.32,2972.75,1140000
2021-10-02,3388.97,3309.14,3467.95,3265.97,778150
2021-10-03,3417.34,3388.83,3485.48,3346.63,642590
2021-10-04,3382.90,3417.26,3436.34,3273.22,826830
2021-10-05,3517.26,3383.32,3540.83,3365.28,663880
2021-10-06,3575.41,3515.35,3627.19,3345.56,1050000
2021-10-07,3586.00,3575.43,3650.18,3473.47,826290
2021-10-08,3559.42,3586.91,3668.35,3537.24,681740
2021-10-09,3574.20,3559.96,3626.11,3541.40,464110
2021-10-10,3415.03,3574.52,3599.18,3409.22,767490
2021-10-11,3545.06,3414.93,3622.53,3381.43,683240
2021-10-12,3489.90,3541.49,3545.35,3404.49,609890
2021-10-13,3607.28,3491.08,3612.04,3416.00,557180
2021-10-14,3790.41,3607.36,3820.47,3588.24,697090
2021-10-15,3866.90,3790.34,3904.91,3735.21,721140
2021-10-16,3827.55,3869.05,3967.43,3804.55,527610
2021-10-17,3845.47,3827.55,3917.56,3664.63,543520
2021-10-18,3747.60,3848.64,3892.01,3685.82,578210
2021-10-19,3876.78,3745.46,3884.34,3733.78,488600
2021-10-20,4159.89,3876.76,4168.12,3830.26,752030
2021-10-21,4054.16,4160.51,4366.91,4029.48,1140000
2021-10-22,3970.94,4053.89,4164.11,3896.40,654770
2021-10-23,4168.85,3970.94,4169.33,3938.79,487030
2021-10-24,4082.80,4168.80,4184.00,3965.84,507630
2021-10-25,4219.92,4082.68,4234.76,4069.94,481410
2021-10-26,4129.51,4219.92,4291.98,4098.19,559290
2021-10-27,3921.93,4130.06,4299.61,3914.06,1070000
2021-10-28,4284.90,3921.54,4289.80,3896.33,865800
2021-10-29,4413.70,4284.90,4458.30,4268.21,781570
2021-10-30,4320.65,4413.70,4428.41,4250.24,494870
2021-10-31,4287.56,4322.00,4393.61,4169.48,555320
2021-11-01,4320.85,4287.41,4376.94,4157.51,574260
2021-11-02,4586.06,4320.85,4598.38,4287.36,630260
2021-11-03,4602.21,4586.96,4661.88,4458.87,634680
2021-11-04,4535.11,4601.93,4604.83,4421.87,495860
2021-11-05,4475.00,4534.96,4569.31,4439.67,409750
2021-11-06,4517.36,4475.00,4526.75,4330.29,442600
2021-11-07,4612.06,4517.27,4634.39,4502.70,337810
2021-11-08,4808.38,4612.05,4822.97,4612.05,673210
2021-11-09,4731.83,4808.34,4836.69,4715.43,437410
2021-11-10,4634.03,4731.83,4864.06,4498.78,761900
2021-11-11,4720.87,4633.98,4778.17,4578.66,418610
2021-11-12,4667.31,4720.50,4807.16,4511.96,634590
2021-11-13,4644.61,4665.76,4705.02,4585.37,290270
2021-11-14,4625.59,4644.40,4692.76,4514.95,340960
2021-11-15,4562.98,4625.71,4769.38,4543.47,495960
2021-11-16,4208.16,4562.97,4562.97,4115.31,1120000
2021-11-17,4290.88,4208.29,4298.30,4071.01,664940
2021-11-18,4001.87,4290.31,4342.74,3958.44,792380
2021-11-19,4295.43,3996.29,4305.41,3978.08,571960
2021-11-20,4408.85,4295.27,4434.27,4206.75,462990
2021-11-21,4268.08,4409.02,4422.60,4246.20,446230
2021-11-22,4086.95,4268.07,4311.46,4026.75,717080
2021-11-23,4340.23,4086.73,4384.75,4064.17,684350
2021-11-24,4273.54,4340.23,4372.83,4172.19,595960
2021-11-25,4520.30,4270.73,4549.74,4248.90,578650
2021-11-26,4034.53,4520.30,4548.10,3917.43,1000000
2021-11-27,4094.80,4037.06,4183.02,4029.06,370730
2021-11-28,4296.98,4095.16,4297.63,3980.24,487530
2021-11-29,4443.22,4296.98,4456.82,4280.18,532660
2021-11-30,4628.90,4443.22,4749.12,4349.21,973460
2021-12-01,4583.28,4628.72,4778.14,4525.33,669180
2021-12-02,4512.90,4583.28,4629.75,4437.53,608070
2021-12-03,4219.30,4512.90,4646.73,4047.07,942770
2021-12-04,4123.46,4219.30,4237.56,3533.02,1520000
2021-12-05,4194.80,4118.27,4247.38,4036.00,707690
2021-12-06,4353.31,4194.95,4373.23,3922.65,993790
2021-12-07,4307.08,4351.36,4424.20,4259.45,550780
2021-12-08,4435.74,4307.08,4449.69,4229.63,574330
2021-12-09,4107.69,4435.74,4482.89,4078.14,642170
2021-12-10,3903.48,4107.20,4226.79,3894.03,798120
2021-12-11,4075.66,3903.52,4094.92,3836.92,581260
2021-12-12,4131.78,4078.17,4173.21,3988.29,360450
2021-12-13,3781.94,4131.47,4141.27,3673.19,891670
2021-12-14,3861.55,3782.12,3879.43,3690.06,577610
2021-12-15,4019.24,3860.51,4090.15,3649.69,821220
2021-12-16,3956.62,4019.57,4108.24,3955.46,512120
2021-12-17,3878.29,3957.12,3993.87,3702.33,654900
2021-12-18,3959.83,3878.20,3993.05,3769.91,475860
2021-12-19,3925.34,3959.90,4025.36,3890.90,442490
2021-12-20,3938.80,3925.46,3978.66,3757.42,531110
2021-12-21,4016.59,3944.03,4058.76,3915.56,496710
2021-12-22,4006.76,4016.25,4072.40,3944.15,427470
